time,chan1,chan2,chan3
2019-10-11 13:04:11.842927,8565983.0,8389119.0,6978482.0
2019-10-11 13:04:11.934754,8566066.0,8388863.0,6978496.0
2019-10-11 13:04:12.024223,8566204.0,8388863.0,6978684.0
2019-10-11 13:04:12.121564,8566034.0,8389119.0,6978700.0
2019-10-11 13:04:12.213902,8565982.0,8389119.0,6978574.0
2019-10-11 13:04:12.307406,8565976.0,8388863.0,6978658.0
2019-10-11 13:04:12.401136,8565862.0,8389119.0,6978759.0
2019-10-11 13:04:12.495078,8565872.0,8389119.0,6977701.0
2019-10-11 13:04:12.587899,8565992.0,8388863.0,6977637.0
2019-10-11 13:04:12.680362,8565989.0,8389119.0,6977723.0
2019-10-11 13:04:12.774321,8565955.0,8389119.0,6977761.0
2019-10-11 13:04:12.870899,8565947.0,8389119.0,6977672.0
2019-10-11 13:04:12.962486,8566016.0,8388863.0,6977594.0
2019-10-11 13:04:13.056890,8565994.0,8389119.0,6977658.0
2019-10-11 13:04:13.150121,8566048.0,8388863.0,6977625.0
2019-10-11 13:04:13.242556,8566092.0,8388863.0,6977581.0
2019-10-11 13:04:13.335044,8566092.0,8389119.0,6977615.0
2019-10-11 13:04:13.432185,8566045.0,8389119.0,6977624.0
2019-10-11 13:04:13.523671,8566047.0,8388863.0,6977516.0
2019-10-11 13:04:13.618232,8566064.0,8389119.0,6977492.0
2019-10-11 13:04:13.713934,8566063.0,8389119.0,6977475.0
2019-10-11 13:04:13.803353,8566112.0,8388863.0,6977510.0
2019-10-11 13:04:13.899654,8566073.0,8389119.0,6977427.0
2019-10-11 13:04:13.991162,8566093.0,8389119.0,6977428.0
2019-10-11 13:04:14.084876,8566068.0,8388863.0,6977405.0
2019-10-11 13:04:14.181686,8566129.0,8388863.0,6977362.0
2019-10-11 13:04:14.273540,8566065.0,8389119.0,6977310.0
2019-10-11 13:04:14.363526,8566013.0,8388863.0,6977290.0
2019-10-11 13:04:14.457994,8566057.0,8388863.0,6977260.0
2019-10-11 13:04:14.551727,8566108.0,8389119.0,6977338.0
2019-10-11 13:04:14.645830,8565992.0,8388863.0,6977298.0
2019-10-11 13:04:14.741815,8565990.0,8389119.0,6977281.0
2019-10-11 13:04:14.836382,8566043.0,8389119.0,6977326.0
2019-10-11 13:04:14.929735,8566062.0,8388863.0,6977348.0
2019-10-11 13:04:15.018474,8566005.0,8389119.0,6977261.0
2019-10-11 13:04:15.115244,8566055.0,8389119.0,6977280.0
2019-10-11 13:04:15.207786,8566042.0,8389119.0,6977390.0
2019-10-11 13:04:15.301207,8566006.0,8388863.0,6977415.0
2019-10-11 13:04:15.397197,8566005.0,8389119.0,6977461.0
2019-10-11 13:04:15.492187,8565872.0,8389119.0,6977405.0
2019-10-11 13:04:15.582298,8565906.0,8389119.0,6977373.0
2019-10-11 13:04:15.673354,8566062.0,8388863.0,6977366.0
2019-10-11 13:04:15.768850,8565990.0,8389119.0,6977399.0
2019-10-11 13:04:15.862291,8566062.0,8389119.0,6977414.0
2019-10-11 13:04:15.959094,8566154.0,8389119.0,6977402.0
2019-10-11 13:04:16.049697,8566142.0,8389119.0,6977426.0
2019-10-11 13:04:16.141378,8566031.0,8388863.0,6977471.0
2019-10-11 13:04:16.234367,8565912.0,8388863.0,6977487.0
2019-10-11 13:04:16.332146,8565954.0,8389119.0,6977305.0
2019-10-11 13:04:16.424784,8566084.0,8389119.0,6977422.0
2019-10-11 13:04:16.517383,8566050.0,8388863.0,6977409.0
2019-10-11 13:04:16.611937,8566042.0,8389119.0,6977350.0
2019-10-11 13:04:16.703942,8566045.0,8389119.0,6977327.0
2019-10-11 13:04:16.797158,8566001.0,8388863.0,6977324.0
2019-10-11 13:04:16.890695,8566039.0,8389119.0,6977426.0
2019-10-11 13:04:16.984615,8566005.0,8389119.0,6977500.0
2019-10-11 13:04:17.079766,8565980.0,8389119.0,6977447.0
2019-10-11 13:04:17.173567,8565992.0,8389119.0,6977371.0
2019-10-11 13:04:17.267670,8565975.0,8389119.0,6977350.0
2019-10-11 13:04:17.359314,8566001.0,8388863.0,6977238.0
2019-10-11 13:04:17.454563,8565901.0,8388863.0,6977197.0
2019-10-11 13:04:17.547377,8565879.0,8389119.0,6977245.0
2019-10-11 13:04:17.639486,8565896.0,8388863.0,6977153.0
2019-10-11 13:04:17.735506,8565870.0,8388863.0,6977132.0
2019-10-11 13:04:17.829072,8565953.0,8389119.0,6977213.0
2019-10-11 13:04:17.919873,8565986.0,8389119.0,6977203.0
2019-10-11 13:04:18.012951,8565896.0,8389119.0,6977185.0
2019-10-11 13:04:18.107920,8565919.0,8389119.0,6977150.0
2019-10-11 13:04:18.202590,8565941.0,8389119.0,6977160.0
2019-10-11 13:04:18.298035,8565936.0,8389119.0,6977134.0
2019-10-11 13:04:18.391232,8565942.0,8389119.0,6977188.0
2019-10-11 13:04:18.482052,8566059.0,8388863.0,6977195.0
2019-10-11 13:04:18.576278,8566006.0,8389119.0,6977175.0
2019-10-11 13:04:18.668428,8565949.0,8389119.0,6977183.0
2019-10-11 13:04:18.765115,8566059.0,8389119.0,6977133.0
2019-10-11 13:04:18.857219,8565957.0,8389119.0,6977123.0
2019-10-11 13:04:18.950144,8565968.0,8389119.0,6977172.0
2019-10-11 13:04:19.047044,8565920.0,8389119.0,6977212.0
2019-10-11 13:04:19.134877,8565993.0,8388863.0,6977122.0
2019-10-11 13:04:19.229124,8565980.0,8389119.0,6977208.0
2019-10-11 13:04:19.325262,8565934.0,8389119.0,6977275.0
2019-10-11 13:04:19.417999,8565968.0,8389119.0,6977271.0
2019-10-11 13:04:19.510502,8565943.0,8388863.0,6977349.0
2019-10-11 13:04:19.606660,8565962.0,8389119.0,6977235.0
2019-10-11 13:04:19.696274,8565964.0,8388863.0,6977276.0
2019-10-11 13:04:19.790634,8565862.0,8389119.0,6977324.0
2019-10-11 13:04:19.885819,8565948.0,8389119.0,6977370.0
2019-10-11 13:04:19.980202,8565902.0,8388863.0,6977264.0
2019-10-11 13:04:20.075229,8565848.0,8388863.0,6977321.0
2019-10-11 13:04:20.166759,8565891.0,8389119.0,6977280.0
2019-10-11 13:04:20.259214,8565957.0,8389119.0,6977180.0
2019-10-11 13:04:20.353066,8565885.0,8388863.0,6977279.0
2019-10-11 13:04:20.448319,8565996.0,8389119.0,6977268.0
2019-10-11 13:04:20.538629,8565991.0,8389119.0,6977103.0
2019-10-11 13:04:20.634440,8565939.0,8389119.0,6977154.0
2019-10-11 13:04:20.728638,8565922.0,8388863.0,6977216.0
2019-10-11 13:04:20.822881,8565965.0,8389119.0,6977278.0
2019-10-11 13:04:20.912980,8565872.0,8389119.0,6977425.0
2019-10-11 13:04:21.007380,8565908.0,8388863.0,6977359.0
2019-10-11 13:04:21.100355,8566027.0,8389119.0,6977244.0
2019-10-11 13:04:21.193797,8565916.0,8389119.0,6977215.0
2019-10-11 13:04:21.291504,8565981.0,8389119.0,6977291.0
2019-10-11 13:04:21.383594,8566081.0,8389119.0,6977288.0
2019-10-11 13:04:21.476084,8566068.0,8388863.0,6977265.0
2019-10-11 13:04:21.568481,8565960.0,8389119.0,6977303.0
2019-10-11 13:04:21.664044,8565877.0,8389119.0,6977363.0
2019-10-11 13:04:21.757326,8565913.0,8389119.0,6977206.0
2019-10-11 13:04:21.850277,8565952.0,8388863.0,6977110.0
2019-10-11 13:04:21.946388,8565948.0,8389119.0,6977262.0
2019-10-11 13:04:22.036836,8565912.0,8389119.0,6977281.0
2019-10-11 13:04:22.131398,8565998.0,8388863.0,6977104.0
2019-10-11 13:04:22.224326,8566008.0,8389119.0,6977146.0
2019-10-11 13:04:22.317015,8565966.0,8389119.0,6977278.0
2019-10-11 13:04:22.412550,8565939.0,8388863.0,6977279.0
2019-10-11 13:04:22.505560,8565957.0,8388863.0,6977231.0
2019-10-11 13:04:22.595884,8565946.0,8389119.0,6977256.0
2019-10-11 13:04:22.690197,8565888.0,8389119.0,6977245.0
2019-10-11 13:04:22.784360,8565847.0,8389119.0,6977213.0
2019-10-11 13:04:22.880756,8565823.0,8389119.0,6977347.0
2019-10-11 13:04:22.972584,8565803.0,8389119.0,6977354.0
2019-10-11 13:04:23.068140,8565832.0,8389119.0,6977349.0
2019-10-11 13:04:23.161416,8565813.0,8388863.0,6977247.0
2019-10-11 13:04:23.251193,8565784.0,8389119.0,6977131.0
2019-10-11 13:04:23.346779,8565787.0,8388863.0,6977188.0
2019-10-11 13:04:23.439797,8565899.0,8389119.0,6977281.0
2019-10-11 13:04:23.534783,8565927.0,8389119.0,6977300.0
2019-10-11 13:04:23.630804,8565976.0,8388863.0,6977287.0
2019-10-11 13:04:23.721821,8565969.0,8389119.0,6977347.0
2019-10-11 13:04:23.812383,8565918.0,8389119.0,6977180.0
2019-10-11 13:04:23.906750,8565948.0,8388863.0,6977213.0
2019-10-11 13:04:24.003472,8565815.0,8388863.0,6977349.0
2019-10-11 13:04:24.095956,8565895.0,8389119.0,6977356.0
2019-10-11 13:04:24.190203,8566076.0,8388863.0,6977316.0
2019-10-11 13:04:24.284826,8566046.0,8389119.0,6977318.0
2019-10-11 13:04:24.373799,8565893.0,8389119.0,6977318.0
2019-10-11 13:04:24.467198,8565850.0,8389119.0,6977273.0
2019-10-11 13:04:24.561564,8565978.0,8388863.0,6977340.0
2019-10-11 13:04:24.658230,8565969.0,8389119.0,6977496.0
2019-10-11 13:04:24.750047,8565932.0,8389119.0,6977411.0
2019-10-11 13:04:24.844404,8565792.0,8389119.0,6977385.0
2019-10-11 13:04:24.938419,8565740.0,8389119.0,6977209.0
2019-10-11 13:04:25.030059,8565780.0,8389119.0,6977124.0
2019-10-11 13:04:25.125479,8565844.0,8389119.0,6977015.0
2019-10-11 13:04:25.219988,8565860.0,8389119.0,6976934.0
2019-10-11 13:04:25.314154,8565870.0,8389119.0,6976895.0
2019-10-11 13:04:25.406110,8565845.0,8389119.0,6976691.0
2019-10-11 13:04:25.501285,8565840.0,8389119.0,6976707.0
2019-10-11 13:04:25.591453,8565911.0,8389119.0,6976750.0
2019-10-11 13:04:25.685940,8565862.0,8389119.0,6976861.0
2019-10-11 13:04:25.778208,8565878.0,8389119.0,6976808.0
2019-10-11 13:04:25.873432,8565869.0,8389119.0,6976806.0
2019-10-11 13:04:25.967227,8565846.0,8389119.0,6976873.0
2019-10-11 13:04:26.062765,8565876.0,8388863.0,6976913.0
2019-10-11 13:04:26.150181,8565931.0,8389119.0,6976917.0
2019-10-11 13:04:26.245203,8565842.0,8388863.0,6976839.0
2019-10-11 13:04:26.341805,8565787.0,8388863.0,6976794.0
2019-10-11 13:04:26.435314,8565875.0,8389119.0,6976893.0
2019-10-11 13:04:26.527667,8565901.0,8389119.0,6976905.0
2019-10-11 13:04:26.621961,8565791.0,8388863.0,6976956.0
2019-10-11 13:04:26.714450,8565743.0,8389119.0,6976990.0
2019-10-11 13:04:26.806927,8565880.0,8389119.0,6977101.0
2019-10-11 13:04:26.900341,8565921.0,8389119.0,6977128.0
2019-10-11 13:04:26.994381,8565813.0,8389119.0,6977106.0
2019-10-11 13:04:27.089308,8565855.0,8389119.0,6977070.0
2019-10-11 13:04:27.184074,8565809.0,8389119.0,6977086.0
2019-10-11 13:04:27.276928,8565817.0,8389119.0,6976986.0
2019-10-11 13:04:27.370084,8565882.0,8389119.0,6977062.0
2019-10-11 13:04:27.462491,8565872.0,8388863.0,6977186.0
2019-10-11 13:04:27.555639,8565860.0,8388863.0,6977084.0
2019-10-11 13:04:27.650325,8565812.0,8389119.0,6977111.0
2019-10-11 13:04:27.745917,8565753.0,8389119.0,6977343.0
2019-10-11 13:04:27.838284,8565757.0,8388863.0,6977250.0
2019-10-11 13:04:27.930577,8565843.0,8389119.0,6977226.0
2019-10-11 13:04:28.022622,8565895.0,8389119.0,6977359.0
2019-10-11 13:04:28.116838,8565825.0,8389119.0,6977172.0
2019-10-11 13:04:28.212954,8565867.0,8389119.0,6977197.0
2019-10-11 13:04:28.305314,8565867.0,8389119.0,6977353.0
2019-10-11 13:04:28.399238,8565887.0,8389119.0,6977396.0
2019-10-11 13:04:28.487813,8565841.0,8389119.0,6977216.0
2019-10-11 13:04:28.583472,8565841.0,8389119.0,6977295.0
2019-10-11 13:04:28.678020,8565751.0,8389119.0,6977381.0
2019-10-11 13:04:28.774752,8565691.0,8389119.0,6977210.0
2019-10-11 13:04:28.866915,8565716.0,8389119.0,6977132.0
2019-10-11 13:04:28.962796,8565747.0,8388863.0,6977298.0
2019-10-11 13:04:29.050804,8565762.0,8388863.0,6977472.0
2019-10-11 13:04:29.147018,8565774.0,8389119.0,6977409.0
2019-10-11 13:04:29.239550,8565838.0,8389119.0,6977412.0
2019-10-11 13:04:29.334481,8565772.0,8389119.0,6977487.0
2019-10-11 13:04:29.429761,8565698.0,8388863.0,6977466.0
2019-10-11 13:04:29.524116,8565794.0,8389119.0,6977409.0
2019-10-11 13:04:29.615592,8565852.0,8389119.0,6977429.0
2019-10-11 13:04:29.708955,8565716.0,8388863.0,6977465.0
2019-10-11 13:04:29.800349,8565749.0,8389119.0,6977464.0
2019-10-11 13:04:29.894579,8565825.0,8388863.0,6977330.0
2019-10-11 13:04:29.991612,8565777.0,8389119.0,6977355.0
2019-10-11 13:04:30.083804,8565765.0,8388863.0,6977466.0
2019-10-11 13:04:30.176786,8565734.0,8388863.0,6977607.0
2019-10-11 13:04:30.270314,8565697.0,8389119.0,6977551.0
2019-10-11 13:04:30.362658,8565756.0,8389119.0,6977444.0
2019-10-11 13:04:30.456071,8565755.0,8389119.0,6977395.0
2019-10-11 13:04:30.549719,8565739.0,8389119.0,6977439.0
2019-10-11 13:04:30.644375,8565762.0,8388863.0,6977444.0
2019-10-11 13:04:30.738340,8565752.0,8389119.0,6977469.0
2019-10-11 13:04:30.831026,8565787.0,8389119.0,6977571.0
2019-10-11 13:04:30.922848,8565852.0,8388863.0,6977535.0
2019-10-11 13:04:31.016731,8565742.0,8389119.0,6977503.0
2019-10-11 13:04:31.113506,8565739.0,8388863.0,6977510.0
2019-10-11 13:04:31.205383,8565797.0,8388863.0,6977508.0
2019-10-11 13:04:31.299728,8565718.0,8389119.0,6977391.0
2019-10-11 13:04:31.389295,8565727.0,8389119.0,6977403.0
2019-10-11 13:04:31.485652,8565819.0,8389119.0,6977420.0
2019-10-11 13:04:31.577931,8565748.0,8389119.0,6977481.0
2019-10-11 13:04:31.672739,8565773.0,8389119.0,6977433.0
2019-10-11 13:04:31.766142,8565736.0,8389119.0,6977521.0
2019-10-11 13:04:31.859978,8565750.0,8389119.0,6977548.0
2019-10-11 13:04:31.955124,8565685.0,8389119.0,6977559.0
2019-10-11 13:04:32.046320,8565709.0,8388863.0,6977495.0
2019-10-11 13:04:32.139895,8565756.0,8389119.0,6977510.0
2019-10-11 13:04:32.233130,8565728.0,8389119.0,6977491.0
2019-10-11 13:04:32.326974,8565682.0,8389119.0,6977504.0
2019-10-11 13:04:32.422273,8565712.0,8389119.0,6977450.0
2019-10-11 13:04:32.515099,8565715.0,8389119.0,6977349.0
2019-10-11 13:04:32.606669,8565859.0,8389119.0,6977388.0
2019-10-11 13:04:32.699528,8565824.0,8388863.0,6977628.0
2019-10-11 13:04:32.796920,8565708.0,8389119.0,6977596.0
2019-10-11 13:04:32.888867,8565744.0,8389119.0,6977547.0
2019-10-11 13:04:32.981403,8565803.0,8388863.0,6977442.0
2019-10-11 13:04:33.075803,8565824.0,8389119.0,6977407.0
2019-10-11 13:04:33.169182,8565809.0,8389119.0,6977559.0
2019-10-11 13:04:33.263068,8565797.0,8388863.0,6977519.0
2019-10-11 13:04:33.356292,8565690.0,8388863.0,6977563.0
2019-10-11 13:04:33.452239,8565706.0,8389119.0,6977693.0
2019-10-11 13:04:33.545679,8565820.0,8389119.0,6977699.0
2019-10-11 13:04:33.638547,8565875.0,8388863.0,6977708.0
2019-10-11 13:04:33.729060,8565842.0,8389119.0,6977692.0
2019-10-11 13:04:33.824653,8565852.0,8389119.0,6977710.0
2019-10-11 13:04:33.916016,8565827.0,8389119.0,6977680.0
2019-10-11 13:04:34.011999,8565803.0,8389119.0,6977785.0
2019-10-11 13:04:34.104145,8565705.0,8389119.0,6977758.0
2019-10-11 13:04:34.201279,8565664.0,8389119.0,6977732.0
2019-10-11 13:04:34.295513,8565751.0,8389119.0,6977790.0
2019-10-11 13:04:34.386657,8565782.0,8389119.0,6977701.0
2019-10-11 13:04:34.479943,8565824.0,8388863.0,6977823.0
2019-10-11 13:04:34.571216,8565753.0,8389119.0,6977852.0
2019-10-11 13:04:34.666236,8565802.0,8389119.0,6977907.0
2019-10-11 13:04:34.759154,8565822.0,8389119.0,6977770.0
2019-10-11 13:04:34.855607,8565830.0,8388863.0,6977582.0
2019-10-11 13:04:34.945018,8565821.0,8389119.0,6977642.0
2019-10-11 13:04:35.039881,8565768.0,8389119.0,6977765.0
2019-10-11 13:04:35.133537,8565782.0,8388863.0,6977929.0
2019-10-11 13:04:35.227084,8565744.0,8389119.0,6977834.0
2019-10-11 13:04:35.322448,8565787.0,8389119.0,6977863.0
2019-10-11 13:04:35.415532,8565760.0,8388863.0,6977867.0
2019-10-11 13:04:35.505325,8565811.0,8389119.0,6977937.0
2019-10-11 13:04:35.599939,8565853.0,8388863.0,6977995.0
2019-10-11 13:04:35.697220,8565838.0,8388863.0,6977988.0
2019-10-11 13:04:35.790229,8565897.0,8389119.0,6977947.0
2019-10-11 13:04:35.882568,8565927.0,8389119.0,6978097.0
2019-10-11 13:04:35.979461,8565877.0,8389119.0,6978077.0
2019-10-11 13:04:36.066700,8565853.0,8389119.0,6978147.0
2019-10-11 13:04:36.163134,8565843.0,8389119.0,6978079.0
2019-10-11 13:04:36.254889,8565905.0,8389119.0,6977893.0
2019-10-11 13:04:36.349376,8565758.0,8389119.0,6977797.0
2019-10-11 13:04:36.443389,8565712.0,8389119.0,6977832.0
2019-10-11 13:04:36.537453,8565891.0,8389119.0,6977928.0
2019-10-11 13:04:36.634236,8566005.0,8388863.0,6977977.0
2019-10-11 13:04:36.722832,8566119.0,8389119.0,6977936.0
2019-10-11 13:04:36.818953,8566202.0,8388863.0,6977910.0
2019-10-11 13:04:36.913119,8566359.0,8389119.0,6977879.0
2019-10-11 13:04:37.004797,8566482.0,8389119.0,6977918.0
2019-10-11 13:04:37.099042,8566644.0,8388863.0,6977867.0
2019-10-11 13:04:37.192036,8566637.0,8389119.0,6977881.0
2019-10-11 13:04:37.283503,8566614.0,8389119.0,6978052.0
2019-10-11 13:04:37.377948,8566788.0,8389119.0,6978188.0
2019-10-11 13:04:37.472458,8567138.0,8388863.0,6978048.0
2019-10-11 13:04:37.565762,8567799.0,8389119.0,6977828.0
2019-10-11 13:04:37.662645,8569697.0,8389119.0,6977061.0
2019-10-11 13:04:37.754349,8570895.0,8389119.0,6976678.0
2019-10-11 13:04:37.845695,8571357.0,8388863.0,6977144.0
2019-10-11 13:04:37.939930,8575462.0,8389119.0,6977454.0
2019-10-11 13:04:38.032144,8586367.0,8389119.0,6981332.0
2019-10-11 13:04:38.128036,8601138.0,8388863.0,6995458.0
2019-10-11 13:04:38.221247,8612667.0,8389119.0,7006382.0
2019-10-11 13:04:38.317791,8620841.0,8388863.0,7015829.0
2019-10-11 13:04:38.408376,8620987.0,8389119.0,7022857.0
2019-10-11 13:04:38.500412,8619780.0,8389119.0,7025124.0
2019-10-11 13:04:38.594863,8619888.0,8389119.0,7025986.0
2019-10-11 13:04:38.687104,8619842.0,8389119.0,7026475.0
2019-10-11 13:04:38.785331,8619768.0,8389119.0,7026762.0
2019-10-11 13:04:38.878819,8619649.0,8389119.0,7027252.0
2019-10-11 13:04:38.973518,8619679.0,8388863.0,7027787.0
2019-10-11 13:04:39.062329,8619820.0,8389119.0,7028165.0
2019-10-11 13:04:39.156746,8619668.0,8389119.0,7028254.0
2019-10-11 13:04:39.248780,8619745.0,8388863.0,7028447.0
2019-10-11 13:04:39.344501,8619818.0,8388863.0,7028617.0
2019-10-11 13:04:39.437923,8619782.0,8389119.0,7028713.0
2019-10-11 13:04:39.532362,8619778.0,8389119.0,7028940.0
2019-10-11 13:04:39.622351,8619775.0,8388863.0,7029133.0
2019-10-11 13:04:39.718108,8619776.0,8389119.0,7029175.0
2019-10-11 13:04:39.810004,8619775.0,8388863.0,7029264.0
2019-10-11 13:04:39.906092,8619751.0,8388863.0,7029242.0
2019-10-11 13:04:39.998714,8619732.0,8389119.0,7029384.0
2019-10-11 13:04:40.092146,8619718.0,8389119.0,7029619.0
2019-10-11 13:04:40.183262,8619592.0,8389119.0,7029580.0
2019-10-11 13:04:40.277989,8619606.0,8389119.0,7029580.0
2019-10-11 13:04:40.374068,8619670.0,8389119.0,7029647.0
2019-10-11 13:04:40.466406,8619690.0,8388863.0,7029780.0
2019-10-11 13:04:40.559426,8619670.0,8388863.0,7029919.0
2019-10-11 13:04:40.652515,8619729.0,8389119.0,7030004.0
2019-10-11 13:04:40.747218,8619657.0,8388863.0,7030112.0
2019-10-11 13:04:40.838564,8619595.0,8388863.0,7030300.0
2019-10-11 13:04:40.932661,8619686.0,8389119.0,7030437.0
2019-10-11 13:04:41.026768,8619686.0,8389119.0,7030524.0
2019-10-11 13:04:41.123125,8619668.0,8389119.0,7030591.0
2019-10-11 13:04:41.216639,8619670.0,8389119.0,7030616.0
2019-10-11 13:04:41.307891,8619774.0,8389119.0,7030607.0
2019-10-11 13:04:41.400395,8619688.0,8388863.0,7030454.0
2019-10-11 13:04:41.493643,8619682.0,8389119.0,7030495.0
2019-10-11 13:04:41.587523,8619861.0,8389119.0,7030591.0
2019-10-11 13:04:41.684625,8619817.0,8388863.0,7030568.0
2019-10-11 13:04:41.776293,8619704.0,8389119.0,7030664.0
2019-10-11 13:04:41.872711,8619677.0,8389119.0,7030730.0
2019-10-11 13:04:41.963739,8619683.0,8388863.0,7030846.0
2019-10-11 13:04:42.055055,8619691.0,8389119.0,7030886.0
2019-10-11 13:04:42.151012,8619660.0,8389119.0,7031045.0
2019-10-11 13:04:42.244269,8619702.0,8388863.0,7031192.0
2019-10-11 13:04:42.337063,8619781.0,8388863.0,7031129.0
2019-10-11 13:04:42.431871,8619764.0,8389119.0,7031087.0
2019-10-11 13:04:42.520776,8619741.0,8389119.0,7031169.0
2019-10-11 13:04:42.618660,8619549.0,8388863.0,7031066.0
2019-10-11 13:04:42.710457,8619589.0,8389119.0,7031094.0
2019-10-11 13:04:42.804587,8619626.0,8388863.0,7031254.0
2019-10-11 13:04:42.898087,8619625.0,8389119.0,7031211.0
2019-10-11 13:04:42.994775,8619747.0,8389119.0,7031208.0
2019-10-11 13:04:43.086803,8619781.0,8388863.0,7031322.0
2019-10-11 13:04:43.179202,8619687.0,8389119.0,7031328.0
2019-10-11 13:04:43.274352,8619759.0,8389119.0,7031312.0
2019-10-11 13:04:43.368405,8619780.0,8388863.0,7031218.0
2019-10-11 13:04:43.459987,8619768.0,8388863.0,7031334.0
2019-10-11 13:04:43.555406,8619685.0,8389119.0,7031473.0
2019-10-11 13:04:43.647807,8619846.0,8388863.0,7031529.0
2019-10-11 13:04:43.738535,8619785.0,8388863.0,7031492.0
2019-10-11 13:04:43.834878,8619682.0,8389119.0,7031551.0
2019-10-11 13:04:43.926210,8619726.0,8389119.0,7031563.0
2019-10-11 13:04:44.022337,8619778.0,8388863.0,7031482.0
2019-10-11 13:04:44.116902,8619785.0,8389119.0,7031545.0
2019-10-11 13:04:44.209419,8619709.0,8389119.0,7031522.0
2019-10-11 13:04:44.303531,8619732.0,8388863.0,7031671.0
2019-10-11 13:04:44.396227,8619768.0,8389119.0,7031802.0
2019-10-11 13:04:44.487495,8619712.0,8389119.0,7031771.0
2019-10-11 13:04:44.581581,8619684.0,8389119.0,7031779.0
2019-10-11 13:04:44.675241,8619642.0,8389119.0,7031769.0
2019-10-11 13:04:44.770485,8619595.0,8389119.0,7031846.0
2019-10-11 13:04:44.865894,8619711.0,8389119.0,7031924.0
2019-10-11 13:04:44.956528,8619749.0,8388863.0,7031857.0
2019-10-11 13:04:45.048209,8619647.0,8389119.0,7031935.0
2019-10-11 13:04:45.144169,8619610.0,8389119.0,7031901.0
2019-10-11 13:04:45.237231,8619701.0,8388863.0,7031821.0
2019-10-11 13:04:45.334064,8619712.0,8389119.0,7031941.0
2019-10-11 13:04:45.424636,8619731.0,8388863.0,7032070.0
2019-10-11 13:04:45.515598,8619682.0,8388863.0,7032168.0
2019-10-11 13:04:45.612929,8619655.0,8389119.0,7032263.0
2019-10-11 13:04:45.704291,8619716.0,8389119.0,7032343.0
2019-10-11 13:04:45.801136,8619638.0,8388863.0,7032436.0
2019-10-11 13:04:45.892298,8619618.0,8389119.0,7032363.0
2019-10-11 13:04:45.985903,8619620.0,8388863.0,7032335.0
2019-10-11 13:04:46.082147,8619757.0,8388863.0,7032298.0
2019-10-11 13:04:46.172368,8619727.0,8389119.0,7032328.0
2019-10-11 13:04:46.265156,8619687.0,8389119.0,7032394.0
2019-10-11 13:04:46.358669,8619678.0,8389119.0,7032417.0
2019-10-11 13:04:46.452807,8619694.0,8388863.0,7032365.0
2019-10-11 13:04:46.549093,8619698.0,8389119.0,7032367.0
2019-10-11 13:04:46.642086,8619652.0,8389119.0,7032560.0
2019-10-11 13:04:46.734361,8619667.0,8389119.0,7032612.0
2019-10-11 13:04:46.826448,8619652.0,8389119.0,7032567.0
2019-10-11 13:04:46.922180,8619669.0,8388863.0,7032527.0
2019-10-11 13:04:47.016072,8619684.0,8389119.0,7032509.0
2019-10-11 13:04:47.109283,8619632.0,8389119.0,7032539.0
2019-10-11 13:04:47.204665,8619572.0,8389119.0,7032478.0
2019-10-11 13:04:47.292977,8619587.0,8388863.0,7032550.0
2019-10-11 13:04:47.387659,8619660.0,8389119.0,7032595.0
2019-10-11 13:04:47.483635,8619676.0,8388863.0,7032621.0
2019-10-11 13:04:47.575742,8619697.0,8388863.0,7032733.0
2019-10-11 13:04:47.670185,8619647.0,8389119.0,7032673.0
2019-10-11 13:04:47.766162,8619666.0,8389119.0,7032476.0
2019-10-11 13:04:47.854454,8619637.0,8389119.0,7032478.0
2019-10-11 13:04:47.949979,8619597.0,8389119.0,7032560.0
2019-10-11 13:04:48.045852,8619643.0,8389119.0,7032463.0
2019-10-11 13:04:48.139023,8619777.0,8388863.0,7032596.0
2019-10-11 13:04:48.233104,8619644.0,8389119.0,7032552.0
2019-10-11 13:04:48.325849,8619605.0,8389119.0,7032620.0
2019-10-11 13:04:48.419602,8619711.0,8389119.0,7032683.0
2019-10-11 13:04:48.512280,8619735.0,8388863.0,7032645.0
2019-10-11 13:04:48.605585,8619719.0,8389119.0,7032579.0
2019-10-11 13:04:48.697853,8619656.0,8389119.0,7032737.0
2019-10-11 13:04:48.794040,8619651.0,8389119.0,7032837.0
2019-10-11 13:04:48.885786,8619732.0,8389119.0,7032684.0
2019-10-11 13:04:48.979823,8619690.0,8388863.0,7032672.0
2019-10-11 13:04:49.070994,8619643.0,8388863.0,7032737.0
2019-10-11 13:04:49.167709,8619686.0,8389119.0,7032776.0
2019-10-11 13:04:49.259263,8619632.0,8389119.0,7032828.0
2019-10-11 13:04:49.356003,8619605.0,8388863.0,7032812.0
2019-10-11 13:04:49.448684,8619584.0,8389119.0,7032799.0
2019-10-11 13:04:49.541205,8619635.0,8389119.0,7032946.0
2019-10-11 13:04:49.631382,8619509.0,8389119.0,7033015.0
2019-10-11 13:04:49.726491,8619572.0,8389119.0,7033019.0
2019-10-11 13:04:49.819841,8619699.0,8389119.0,7032887.0
2019-10-11 13:04:49.913767,8619748.0,8389119.0,7032909.0
2019-10-11 13:04:50.010604,8619632.0,8388863.0,7032958.0
2019-10-11 13:04:50.105483,8619701.0,8389119.0,7033006.0
2019-10-11 13:04:50.194219,8619804.0,8388863.0,7032997.0
2019-10-11 13:04:50.288363,8619762.0,8388863.0,7032903.0
2019-10-11 13:04:50.381589,8619716.0,8389119.0,7032910.0
2019-10-11 13:04:50.477504,8619608.0,8389119.0,7032937.0
2019-10-11 13:04:50.572325,8619613.0,8389119.0,7032929.0
2019-10-11 13:04:50.665305,8619735.0,8389119.0,7032957.0
2019-10-11 13:04:50.758550,8619704.0,8389119.0,7032913.0
2019-10-11 13:04:50.849275,8619719.0,8388863.0,7032747.0
2019-10-11 13:04:50.942549,8619732.0,8389119.0,7032852.0
2019-10-11 13:04:51.037286,8619723.0,8389119.0,7032933.0
2019-10-11 13:04:51.130796,8619611.0,8388863.0,7032912.0
2019-10-11 13:04:51.225062,8619588.0,8389119.0,7032832.0
2019-10-11 13:04:51.319199,8619673.0,8389119.0,7033004.0
2019-10-11 13:04:51.411208,8619750.0,8389119.0,7033066.0
2019-10-11 13:04:51.502947,8619687.0,8388863.0,7032983.0
2019-10-11 13:04:51.597727,8619618.0,8389119.0,7032971.0
2019-10-11 13:04:51.691857,8619577.0,8388863.0,7032988.0
2019-10-11 13:04:51.785993,8619579.0,8389119.0,7033038.0
2019-10-11 13:04:51.881009,8619691.0,8389119.0,7032950.0
2019-10-11 13:04:51.969761,8619743.0,8388863.0,7032919.0
2019-10-11 13:04:52.065454,8619701.0,8389119.0,7033063.0
2019-10-11 13:04:52.158729,8619642.0,8389119.0,7033025.0
2019-10-11 13:04:52.252907,8619763.0,8389119.0,7032953.0
2019-10-11 13:04:52.347024,8619773.0,8389119.0,7032980.0
2019-10-11 13:04:52.441122,8619753.0,8389119.0,7033004.0
2019-10-11 13:04:52.536110,8619677.0,8389119.0,7033047.0
2019-10-11 13:04:52.625888,8619592.0,8389119.0,7033079.0
2019-10-11 13:04:52.720561,8619791.0,8389119.0,7033126.0
2019-10-11 13:04:52.814501,8619676.0,8389119.0,7033099.0
2019-10-11 13:04:52.908115,8619492.0,8389119.0,7033065.0
2019-10-11 13:04:53.001882,8619494.0,8389119.0,7033185.0
2019-10-11 13:04:53.097202,8619627.0,8389119.0,7033116.0
2019-10-11 13:04:53.186436,8619713.0,8389119.0,7033153.0
2019-10-11 13:04:53.283208,8619781.0,8389119.0,7033130.0
2019-10-11 13:04:53.375290,8619665.0,8389119.0,7033136.0
2019-10-11 13:04:53.469910,8619557.0,8388863.0,7033157.0
2019-10-11 13:04:53.564046,8619523.0,8389119.0,7033101.0
2019-10-11 13:04:53.658485,8619452.0,8389119.0,7033229.0
2019-10-11 13:04:53.747814,8619566.0,8389119.0,7033263.0
2019-10-11 13:04:53.843040,8619517.0,8389119.0,7033188.0
2019-10-11 13:04:53.936306,8619445.0,8389119.0,7033083.0
2019-10-11 13:04:54.031964,8619535.0,8389119.0,7032999.0
2019-10-11 13:04:54.124931,8619605.0,8388863.0,7033023.0
2019-10-11 13:04:54.221565,8619636.0,8389119.0,7033141.0
2019-10-11 13:04:54.309186,8619766.0,8389119.0,7033129.0
2019-10-11 13:04:54.404757,8619709.0,8389119.0,7033102.0
2019-10-11 13:04:54.497468,8619591.0,8388863.0,7033005.0
2019-10-11 13:04:54.591232,8619544.0,8389119.0,7033103.0
2019-10-11 13:04:54.686391,8619638.0,8388863.0,7033114.0
2019-10-11 13:04:54.781977,8619707.0,8389119.0,7033027.0
2019-10-11 13:04:54.874574,8619737.0,8389119.0,7033124.0
2019-10-11 13:04:54.965847,8619703.0,8388863.0,7033176.0
2019-10-11 13:04:55.060150,8619592.0,8389119.0,7033104.0
2019-10-11 13:04:55.152908,8619478.0,8389119.0,7033252.0
2019-10-11 13:04:55.248784,8619619.0,8388863.0,7033229.0
2019-10-11 13:04:55.343221,8619685.0,8389119.0,7033205.0
2019-10-11 13:04:55.435845,8619708.0,8389119.0,7033364.0
2019-10-11 13:04:55.528590,8619614.0,8388863.0,7033192.0
2019-10-11 13:04:55.620305,8619642.0,8388863.0,7033213.0
2019-10-11 13:04:55.714065,8619662.0,8389119.0,7033420.0
2019-10-11 13:04:55.808360,8619680.0,8389119.0,7033423.0
2019-10-11 13:04:55.902277,8619698.0,8388863.0,7033279.0
2019-10-11 13:04:55.998767,8619717.0,8389119.0,7033390.0
2019-10-11 13:04:56.087977,8619631.0,8389119.0,7033432.0
2019-10-11 13:04:56.183461,8619551.0,8389119.0,7033356.0
2019-10-11 13:04:56.274511,8619564.0,8388863.0,7033401.0
2019-10-11 13:04:56.368574,8619628.0,8389119.0,7033313.0
2019-10-11 13:04:56.465118,8619664.0,8389119.0,7033397.0
2019-10-11 13:04:56.558679,8619759.0,8389119.0,7033426.0
2019-10-11 13:04:56.652096,8619701.0,8389119.0,7033267.0
2019-10-11 13:04:56.742295,8619722.0,8389119.0,7033271.0
2019-10-11 13:04:56.839186,8619702.0,8389119.0,7033286.0
2019-10-11 13:04:56.930672,8619723.0,8389119.0,7033340.0
2019-10-11 13:04:57.024365,8619794.0,8388863.0,7033337.0
2019-10-11 13:04:57.118748,8619674.0,8389119.0,7033356.0
2019-10-11 13:04:57.214847,8619671.0,8389119.0,7033483.0
2019-10-11 13:04:57.305155,8619606.0,8389119.0,7033610.0
2019-10-11 13:04:57.399871,8619603.0,8388863.0,7033609.0
2019-10-11 13:04:57.491571,8619592.0,8389119.0,7033424.0
2019-10-11 13:04:57.585752,8619595.0,8389119.0,7033463.0
2019-10-11 13:04:57.681199,8619569.0,8389119.0,7033437.0
2019-10-11 13:04:57.776911,8619604.0,8388863.0,7033435.0
2019-10-11 13:04:57.864463,8619537.0,8389119.0,7033490.0
2019-10-11 13:04:57.957992,8619520.0,8388863.0,7033487.0
2019-10-11 13:04:58.052869,8619586.0,8388863.0,7033440.0
2019-10-11 13:04:58.148778,8619552.0,8389119.0,7033503.0
2019-10-11 13:04:58.241271,8619659.0,8389119.0,7033468.0
2019-10-11 13:04:58.334891,8619621.0,8389119.0,7033369.0
2019-10-11 13:04:58.431436,8619581.0,8389119.0,7033414.0
2019-10-11 13:04:58.519152,8619663.0,8389119.0,7033502.0
2019-10-11 13:04:58.614317,8619566.0,8388863.0,7033506.0
2019-10-11 13:04:58.709211,8619562.0,8389119.0,7033497.0
2019-10-11 13:04:58.803614,8619576.0,8389119.0,7033580.0
2019-10-11 13:04:58.897669,8619620.0,8388863.0,7033527.0
2019-10-11 13:04:58.989555,8619605.0,8389119.0,7033416.0
2019-10-11 13:04:59.082221,8619573.0,8389119.0,7033502.0
2019-10-11 13:04:59.176025,8619604.0,8389119.0,7033559.0
2019-10-11 13:04:59.271695,8619689.0,8389119.0,7033530.0
2019-10-11 13:04:59.365195,8619534.0,8389119.0,7033559.0
2019-10-11 13:04:59.457392,8619546.0,8388863.0,7033646.0
2019-10-11 13:04:59.553024,8619530.0,8388863.0,7033696.0
2019-10-11 13:04:59.643450,8619473.0,8389119.0,7033643.0
2019-10-11 13:04:59.736203,8619496.0,8389119.0,7033673.0
2019-10-11 13:04:59.830412,8619485.0,8388863.0,7033602.0
2019-10-11 13:04:59.926309,8619574.0,8389119.0,7033590.0
2019-10-11 13:05:00.019765,8619531.0,8389119.0,7033734.0
2019-10-11 13:05:00.114936,8619572.0,8388863.0,7033828.0
2019-10-11 13:05:00.203228,8619645.0,8389119.0,7033762.0
2019-10-11 13:05:00.296736,8619601.0,8389119.0,7033687.0
2019-10-11 13:05:00.394083,8619546.0,8388863.0,7033746.0
2019-10-11 13:05:00.485794,8619570.0,8389119.0,7033802.0
2019-10-11 13:05:00.581115,8619663.0,8389119.0,7033837.0
2019-10-11 13:05:00.675741,8619646.0,8389119.0,7033758.0
2019-10-11 13:05:00.769948,8619575.0,8388863.0,7033684.0
2019-10-11 13:05:00.858355,8619615.0,8389119.0,7033752.0
2019-10-11 13:05:00.953206,8619690.0,8388863.0,7033711.0
2019-10-11 13:05:01.046934,8619619.0,8389119.0,7033769.0
2019-10-11 13:05:01.140879,8619546.0,8389119.0,7033756.0
2019-10-11 13:05:01.236791,8619657.0,8389119.0,7033676.0
2019-10-11 13:05:01.331278,8619621.0,8388863.0,7033746.0
2019-10-11 13:05:01.419700,8619583.0,8389119.0,7033846.0
2019-10-11 13:05:01.514747,8619576.0,8389119.0,7033766.0
2019-10-11 13:05:01.607496,8619575.0,8389119.0,7033789.0
2019-10-11 13:05:01.702444,8619506.0,8389119.0,7033894.0
2019-10-11 13:05:01.797585,8619582.0,8389119.0,7033913.0
2019-10-11 13:05:01.890614,8619608.0,8388863.0,7033969.0
2019-10-11 13:05:01.982109,8619612.0,8389119.0,7033973.0
2019-10-11 13:05:02.075018,8619596.0,8389119.0,7033984.0
2019-10-11 13:05:02.170856,8619580.0,8388863.0,7034016.0
2019-10-11 13:05:02.264685,8619571.0,8388863.0,7033994.0
2019-10-11 13:05:02.358121,8619532.0,8389119.0,7033928.0
2019-10-11 13:05:02.451684,8619558.0,8388863.0,7033953.0
2019-10-11 13:05:02.543714,8619581.0,8389119.0,7033962.0
2019-10-11 13:05:02.638197,8619663.0,8389119.0,7033876.0
2019-10-11 13:05:02.731049,8619714.0,8389119.0,7033948.0
2019-10-11 13:05:02.824222,8619596.0,8388863.0,7034122.0
2019-10-11 13:05:02.919019,8619531.0,8389119.0,7033969.0
2019-10-11 13:05:03.014414,8619616.0,8389119.0,7033954.0
2019-10-11 13:05:03.106922,8619533.0,8388863.0,7034132.0
2019-10-11 13:05:03.198392,8619540.0,8389119.0,7033960.0
2019-10-11 13:05:03.292949,8619586.0,8389119.0,7033984.0
2019-10-11 13:05:03.386792,8619557.0,8389119.0,7034060.0
2019-10-11 13:05:03.480708,8619593.0,8389119.0,7034031.0
2019-10-11 13:05:03.573635,8619637.0,8389119.0,7034094.0
2019-10-11 13:05:03.669224,8619542.0,8389119.0,7034160.0
2019-10-11 13:05:03.760756,8619481.0,8388863.0,7034159.0
2019-10-11 13:05:03.854814,8619639.0,8389119.0,7034177.0
2019-10-11 13:05:03.948364,8619651.0,8388863.0,7034102.0
2019-10-11 13:05:04.041810,8619583.0,8388863.0,7034094.0
2019-10-11 13:05:04.137142,8619633.0,8389119.0,7034175.0
2019-10-11 13:05:04.230031,8619653.0,8389119.0,7034228.0
2019-10-11 13:05:04.319035,8619619.0,8389119.0,7034131.0
2019-10-11 13:05:04.412687,8619642.0,8389119.0,7034146.0
2019-10-11 13:05:04.507482,8619643.0,8388863.0,7034196.0
2019-10-11 13:05:04.602688,8619639.0,8389119.0,7034069.0
2019-10-11 13:05:04.696626,8619651.0,8388863.0,7034236.0
2019-10-11 13:05:04.789866,8619577.0,8389119.0,7034251.0
2019-10-11 13:05:04.881830,8619508.0,8388863.0,7034054.0
2019-10-11 13:05:04.974461,8619486.0,8389119.0,7034146.0
2019-10-11 13:05:05.071431,8619653.0,8389119.0,7034129.0
2019-10-11 13:05:05.164906,8619713.0,8388863.0,7034021.0
2019-10-11 13:05:05.257808,8619623.0,8389119.0,7034087.0
2019-10-11 13:05:05.353934,8619604.0,8389119.0,7034287.0
2019-10-11 13:05:05.445919,8619575.0,8389119.0,7034347.0
2019-10-11 13:05:05.535679,8619641.0,8388863.0,7034311.0
2019-10-11 13:05:05.630820,8619624.0,8389119.0,7034374.0
2019-10-11 13:05:05.724116,8619592.0,8389119.0,7034288.0
2019-10-11 13:05:05.818667,8619617.0,8389119.0,7034116.0
2019-10-11 13:05:05.914618,8619617.0,8388863.0,7034078.0
2019-10-11 13:05:06.007298,8619603.0,8389119.0,7034236.0
2019-10-11 13:05:06.099077,8619482.0,8389119.0,7034246.0
2019-10-11 13:05:06.190799,8619490.0,8388863.0,7034277.0
2019-10-11 13:05:06.284930,8619536.0,8389119.0,7034383.0
2019-10-11 13:05:06.381201,8619527.0,8388863.0,7034368.0
2019-10-11 13:05:06.473784,8619591.0,8388863.0,7034355.0
2019-10-11 13:05:06.569387,8619651.0,8389119.0,7034421.0
2019-10-11 13:05:06.658088,8619596.0,8388863.0,7034337.0
2019-10-11 13:05:06.752225,8619465.0,8389119.0,7034249.0
2019-10-11 13:05:06.847957,8619603.0,8389119.0,7034272.0
2019-10-11 13:05:06.939384,8619603.0,8388863.0,7034318.0
2019-10-11 13:05:07.034208,8619615.0,8388863.0,7034365.0
2019-10-11 13:05:07.131477,8619598.0,8389119.0,7034411.0
2019-10-11 13:05:07.219159,8619564.0,8389119.0,7034294.0
2019-10-11 13:05:07.314631,8619530.0,8388863.0,7034330.0
2019-10-11 13:05:07.409081,8619543.0,8388863.0,7034343.0
2019-10-11 13:05:07.502594,8619590.0,8389119.0,7034394.0
2019-10-11 13:05:07.597623,8619531.0,8389119.0,7034524.0
2019-10-11 13:05:07.690240,8619445.0,8388863.0,7034550.0
2019-10-11 13:05:07.781953,8619483.0,8389119.0,7034503.0
2019-10-11 13:05:07.876166,8619466.0,8389119.0,7034310.0
2019-10-11 13:05:07.971678,8619491.0,8388863.0,7034221.0
2019-10-11 13:05:08.065392,8619593.0,8388863.0,7034536.0
2019-10-11 13:05:08.155974,8619535.0,8389119.0,7034512.0
2019-10-11 13:05:08.252158,8619538.0,8388863.0,7034334.0
2019-10-11 13:05:08.346120,8619675.0,8388863.0,7034312.0
2019-10-11 13:05:08.435462,8619737.0,8389119.0,7034198.0
2019-10-11 13:05:08.531393,8619677.0,8389119.0,7034218.0
2019-10-11 13:05:08.623565,8619563.0,8388863.0,7034308.0
2019-10-11 13:05:08.718192,8619571.0,8389119.0,7034346.0
2019-10-11 13:05:08.814675,8619645.0,8389119.0,7034400.0
2019-10-11 13:05:08.905675,8619601.0,8388863.0,7034433.0
2019-10-11 13:05:08.997161,8619606.0,8388863.0,7034307.0
2019-10-11 13:05:09.090887,8619608.0,8389119.0,7034358.0
2019-10-11 13:05:09.184815,8619671.0,8389119.0,7034329.0
2019-10-11 13:05:09.281907,8619607.0,8389119.0,7034225.0
2019-10-11 13:05:09.373189,8619545.0,8389119.0,7034059.0
2019-10-11 13:05:09.467205,8619537.0,8389119.0,7034096.0
2019-10-11 13:05:09.558870,8619526.0,8388863.0,7034283.0
2019-10-11 13:05:09.653535,8619529.0,8389119.0,7034291.0
2019-10-11 13:05:09.747856,8619589.0,8388863.0,7034197.0
2019-10-11 13:05:09.842701,8619507.0,8388863.0,7034218.0
2019-10-11 13:05:09.935764,8619482.0,8389119.0,7034273.0
2019-10-11 13:05:10.029609,8619544.0,8389119.0,7034241.0
2019-10-11 13:05:10.121425,8619491.0,8388863.0,7034277.0
2019-10-11 13:05:10.215364,8619503.0,8388863.0,7034373.0
2019-10-11 13:05:10.307361,8619547.0,8389119.0,7034445.0
2019-10-11 13:05:10.402850,8619528.0,8388863.0,7034415.0
2019-10-11 13:05:10.497674,8619438.0,8388863.0,7034458.0
2019-10-11 13:05:10.591380,8619478.0,8389119.0,7034557.0
2019-10-11 13:05:10.681322,8619518.0,8389119.0,7034474.0
2019-10-11 13:05:10.776677,8619575.0,8388863.0,7034612.0
2019-10-11 13:05:10.868492,8619578.0,8389119.0,7034414.0
2019-10-11 13:05:10.963027,8619547.0,8389119.0,7034335.0
2019-10-11 13:05:11.056954,8619501.0,8388863.0,7034459.0
2019-10-11 13:05:11.150911,8619472.0,8389119.0,7034536.0
2019-10-11 13:05:11.243965,8619584.0,8389119.0,7034460.0
2019-10-11 13:05:11.335937,8619559.0,8389119.0,7034496.0
2019-10-11 13:05:11.429540,8619515.0,8388863.0,7034477.0
2019-10-11 13:05:11.522693,8619524.0,8389119.0,7034507.0
2019-10-11 13:05:11.617895,8619531.0,8389119.0,7034601.0
2019-10-11 13:05:11.714922,8619592.0,8389119.0,7034515.0
2019-10-11 13:05:11.806715,8619526.0,8389119.0,7034466.0
2019-10-11 13:05:11.899636,8619480.0,8388863.0,7034378.0
2019-10-11 13:05:11.990643,8619528.0,8389119.0,7034531.0
2019-10-11 13:05:12.085883,8619542.0,8389119.0,7034615.0
2019-10-11 13:05:12.181438,8619490.0,8388863.0,7034518.0
2019-10-11 13:05:12.272639,8619412.0,8389119.0,7034408.0
2019-10-11 13:05:12.369521,8619408.0,8389119.0,7034388.0
2019-10-11 13:05:12.457543,8619522.0,8389119.0,7034394.0
2019-10-11 13:05:12.551628,8619602.0,8389119.0,7034356.0
2019-10-11 13:05:12.645846,8619493.0,8389119.0,7034499.0
2019-10-11 13:05:12.741403,8619495.0,8389119.0,7034403.0
2019-10-11 13:05:12.834585,8619600.0,8389119.0,7034419.0
2019-10-11 13:05:12.930452,8619557.0,8388863.0,7034428.0
2019-10-11 13:05:13.018123,8619593.0,8389119.0,7034312.0
2019-10-11 13:05:13.114904,8619533.0,8389119.0,7034361.0
2019-10-11 13:05:13.208505,8619483.0,8389119.0,7034357.0
2019-10-11 13:05:13.303066,8619551.0,8389119.0,7034332.0
2019-10-11 13:05:13.398304,8619531.0,8389119.0,7034210.0
2019-10-11 13:05:13.488168,8619606.0,8389119.0,7034217.0
2019-10-11 13:05:13.579607,8619460.0,8389119.0,7034373.0
2019-10-11 13:05:13.674420,8619459.0,8389119.0,7034473.0
2019-10-11 13:05:13.770559,8619605.0,8388863.0,7034444.0
2019-10-11 13:05:13.862463,8619563.0,8388863.0,7034457.0
2019-10-11 13:05:13.955668,8619470.0,8389119.0,7034492.0
2019-10-11 13:05:14.051485,8619522.0,8388863.0,7034571.0
2019-10-11 13:05:14.144831,8619516.0,8389119.0,7034475.0
2019-10-11 13:05:14.237126,8619552.0,8389119.0,7034478.0
2019-10-11 13:05:14.332303,8619480.0,8388863.0,7034397.0
2019-10-11 13:05:14.424957,8619436.0,8389119.0,7034373.0
2019-10-11 13:05:14.517553,8619539.0,8389119.0,7034344.0
2019-10-11 13:05:14.613415,8619554.0,8389119.0,7034321.0
2019-10-11 13:05:14.706341,8619534.0,8388863.0,7034428.0
2019-10-11 13:05:14.798338,8619474.0,8389119.0,7034459.0
2019-10-11 13:05:14.890205,8619581.0,8389119.0,7034317.0
2019-10-11 13:05:14.984644,8619626.0,8389119.0,7034294.0
2019-10-11 13:05:15.081560,8619637.0,8389119.0,7034346.0
2019-10-11 13:05:15.174486,8619501.0,8389119.0,7034407.0
2019-10-11 13:05:15.267668,8619529.0,8389119.0,7034384.0
2019-10-11 13:05:15.357473,8619459.0,8389119.0,7034356.0
2019-10-11 13:05:15.451772,8619457.0,8389119.0,7034187.0
2019-10-11 13:05:15.548255,8619607.0,8389119.0,7033899.0
2019-10-11 13:05:15.639517,8619563.0,8388863.0,7033478.0
2019-10-11 13:05:15.736682,8619498.0,8389119.0,7033395.0
2019-10-11 13:05:15.827948,8619485.0,8388863.0,7033302.0
2019-10-11 13:05:15.922309,8619484.0,8389119.0,7033349.0
2019-10-11 13:05:16.015078,8619442.0,8389119.0,7033348.0
2019-10-11 13:05:16.106119,8619469.0,8389119.0,7033414.0
2019-10-11 13:05:16.201006,8619518.0,8389119.0,7033569.0
2019-10-11 13:05:16.295074,8619440.0,8389119.0,7033629.0
2019-10-11 13:05:16.388681,8619506.0,8389119.0,7033729.0
2019-10-11 13:05:16.485454,8619511.0,8389119.0,7033751.0
2019-10-11 13:05:16.576197,8619545.0,8389119.0,7033708.0
2019-10-11 13:05:16.669978,8619575.0,8389119.0,7033742.0
2019-10-11 13:05:16.764829,8619471.0,8388863.0,7033727.0
2019-10-11 13:05:16.856123,8619525.0,8389119.0,7033718.0
2019-10-11 13:05:16.953244,8619520.0,8389119.0,7033653.0
2019-10-11 13:05:17.047437,8619503.0,8388863.0,7033718.0
2019-10-11 13:05:17.134759,8619579.0,8388863.0,7033768.0
2019-10-11 13:05:17.228916,8619579.0,8389119.0,7033774.0
2019-10-11 13:05:17.325611,8619565.0,8388863.0,7033679.0
2019-10-11 13:05:17.417538,8619578.0,8389119.0,7033673.0
2019-10-11 13:05:17.511578,8619499.0,8389119.0,7033794.0
2019-10-11 13:05:17.607242,8619506.0,8389119.0,7033674.0
2019-10-11 13:05:17.695927,8619434.0,8389119.0,7033574.0
2019-10-11 13:05:17.792428,8619446.0,8389119.0,7033667.0
2019-10-11 13:05:17.883960,8619451.0,8389119.0,7033732.0
2019-10-11 13:05:17.981095,8619480.0,8389119.0,7033774.0
2019-10-11 13:05:18.072791,8619491.0,8388863.0,7033726.0
2019-10-11 13:05:18.169010,8619422.0,8389119.0,7033848.0
2019-10-11 13:05:18.261331,8619462.0,8389119.0,7033914.0
2019-10-11 13:05:18.353819,8619517.0,8388863.0,7033793.0
2019-10-11 13:05:18.447198,8619366.0,8389119.0,7033783.0
2019-10-11 13:05:18.539794,8619462.0,8388863.0,7033929.0
2019-10-11 13:05:18.633496,8619470.0,8389119.0,7033782.0
2019-10-11 13:05:18.728275,8619482.0,8389119.0,7033703.0
2019-10-11 13:05:18.822214,8619537.0,8389119.0,7033805.0
2019-10-11 13:05:18.913734,8619568.0,8389119.0,7033665.0
2019-10-11 13:05:19.008702,8619572.0,8389119.0,7033642.0
2019-10-11 13:05:19.103007,8619547.0,8389119.0,7033710.0
2019-10-11 13:05:19.197641,8619534.0,8388863.0,7033700.0
2019-10-11 13:05:19.290520,8619483.0,8388863.0,7033703.0
2019-10-11 13:05:19.383538,8619537.0,8388863.0,7033835.0
2019-10-11 13:05:19.473655,8619537.0,8389119.0,7033905.0
2019-10-11 13:05:19.566942,8619480.0,8389119.0,7033863.0
2019-10-11 13:05:19.663633,8619415.0,8388863.0,7033848.0
2019-10-11 13:05:19.758611,8619486.0,8388863.0,7033738.0
2019-10-11 13:05:19.850380,8619563.0,8389119.0,7033878.0
2019-10-11 13:05:19.943514,8619541.0,8389119.0,7033882.0
2019-10-11 13:05:20.038520,8619574.0,8388863.0,7033840.0
2019-10-11 13:05:20.129906,8619506.0,8389119.0,7033936.0
2019-10-11 13:05:20.226025,8619535.0,8389119.0,7033917.0
2019-10-11 13:05:20.319501,8619508.0,8388863.0,7033886.0
2019-10-11 13:05:20.411407,8619508.0,8388863.0,7033939.0
2019-10-11 13:05:20.505548,8619591.0,8389119.0,7033917.0
2019-10-11 13:05:20.599993,8619570.0,8389119.0,7033992.0
2019-10-11 13:05:20.691516,8619524.0,8389119.0,7034032.0
2019-10-11 13:05:20.784413,8619465.0,8388863.0,7033994.0
2019-10-11 13:05:20.881230,8619555.0,8389119.0,7033854.0
2019-10-11 13:05:20.975149,8619600.0,8389119.0,7033874.0
2019-10-11 13:05:21.067251,8619514.0,8389119.0,7033987.0
2019-10-11 13:05:21.162807,8619500.0,8389119.0,7034054.0
2019-10-11 13:05:21.250518,8619512.0,8389119.0,7033927.0
2019-10-11 13:05:21.347096,8619541.0,8389119.0,7033925.0
2019-10-11 13:05:21.439861,8619566.0,8389119.0,7033813.0
2019-10-11 13:05:21.532412,8619528.0,8388863.0,7033847.0
2019-10-11 13:05:21.627284,8619595.0,8389119.0,7033957.0
2019-10-11 13:05:21.721702,8619581.0,8388863.0,7033984.0
2019-10-11 13:05:21.817053,8619578.0,8388863.0,7034054.0
2019-10-11 13:05:21.908830,8619558.0,8389119.0,7034170.0
2019-10-11 13:05:22.001753,8619464.0,8389119.0,7034079.0
2019-10-11 13:05:22.094820,8619491.0,8388863.0,7034012.0
2019-10-11 13:05:22.188397,8619479.0,8389119.0,7034031.0
2019-10-11 13:05:22.283857,8619502.0,8389119.0,7034115.0
2019-10-11 13:05:22.377106,8619520.0,8389119.0,7034040.0
2019-10-11 13:05:22.466864,8619493.0,8388863.0,7033945.0
2019-10-11 13:05:22.562983,8619506.0,8389119.0,7033958.0
2019-10-11 13:05:22.656698,8619480.0,8388863.0,7034053.0
2019-10-11 13:05:22.750743,8619537.0,8389119.0,7034114.0
2019-10-11 13:05:22.844446,8619468.0,8389119.0,7034119.0
2019-10-11 13:05:22.939332,8619548.0,8388863.0,7034214.0
2019-10-11 13:05:23.028377,8619560.0,8389119.0,7034176.0
2019-10-11 13:05:23.123665,8619525.0,8389119.0,7034071.0
2019-10-11 13:05:23.217350,8619582.0,8389119.0,7033997.0
2019-10-11 13:05:23.311513,8619594.0,8389119.0,7034060.0
2019-10-11 13:05:23.406247,8619610.0,8389119.0,7034152.0
2019-10-11 13:05:23.499598,8619518.0,8389119.0,7034234.0
2019-10-11 13:05:23.593863,8619480.0,8389119.0,7034251.0
2019-10-11 13:05:23.687013,8619483.0,8389119.0,7034162.0
2019-10-11 13:05:23.778304,8619535.0,8389119.0,7034082.0
2019-10-11 13:05:23.873702,8619568.0,8388863.0,7034083.0
2019-10-11 13:05:23.965328,8619499.0,8389119.0,7034068.0
2019-10-11 13:05:24.063625,8619431.0,8389119.0,7034023.0
2019-10-11 13:05:24.154901,8619500.0,8388863.0,7034334.0
2019-10-11 13:05:24.247699,8619411.0,8388863.0,7034432.0
2019-10-11 13:05:24.339393,8619387.0,8389119.0,7034367.0
2019-10-11 13:05:24.432973,8619393.0,8389119.0,7034285.0
2019-10-11 13:05:24.527436,8619430.0,8389119.0,7034165.0
2019-10-11 13:05:24.623353,8619475.0,8389119.0,7034141.0
2019-10-11 13:05:24.717785,8619505.0,8388863.0,7034225.0
2019-10-11 13:05:24.808226,8619580.0,8389119.0,7034301.0
2019-10-11 13:05:24.901429,8619563.0,8389119.0,7034277.0
2019-10-11 13:05:24.995751,8619504.0,8389119.0,7034231.0
2019-10-11 13:05:25.091372,8619441.0,8388863.0,7034214.0
2019-10-11 13:05:25.185140,8619435.0,8389119.0,7034239.0
2019-10-11 13:05:25.278061,8619464.0,8389119.0,7034284.0
2019-10-11 13:05:25.374129,8619468.0,8389119.0,7034341.0
2019-10-11 13:05:25.461404,8619499.0,8389119.0,7034371.0
2019-10-11 13:05:25.556536,8619570.0,8389119.0,7034412.0
2019-10-11 13:05:25.651266,8619426.0,8389119.0,7034430.0
2019-10-11 13:05:25.744283,8619491.0,8389119.0,7034456.0
2019-10-11 13:05:25.838616,8619420.0,8389119.0,7034531.0
2019-10-11 13:05:25.933341,8619484.0,8389119.0,7034477.0
2019-10-11 13:05:26.023996,8619554.0,8388863.0,7034377.0
2019-10-11 13:05:26.115624,8619482.0,8388863.0,7034313.0
2019-10-11 13:05:26.213632,8619406.0,8389119.0,7034407.0
2019-10-11 13:05:26.305577,8619446.0,8388863.0,7034445.0
2019-10-11 13:05:26.399371,8619538.0,8389119.0,7034432.0
2019-10-11 13:05:26.494545,8619655.0,8388863.0,7034420.0
2019-10-11 13:05:26.582588,8619548.0,8388863.0,7034333.0
2019-10-11 13:05:26.677581,8619498.0,8389119.0,7034244.0
2019-10-11 13:05:26.772973,8619536.0,8389119.0,7034275.0
2019-10-11 13:05:26.867093,8619465.0,8389119.0,7034348.0
2019-10-11 13:05:26.960488,8619457.0,8389119.0,7034266.0
2019-10-11 13:05:27.054847,8619590.0,8388863.0,7034295.0
2019-10-11 13:05:27.151283,8619541.0,8388863.0,7034458.0
2019-10-11 13:05:27.241818,8619467.0,8389119.0,7034369.0
2019-10-11 13:05:27.332396,8619469.0,8389119.0,7034316.0
2019-10-11 13:05:27.426640,8619539.0,8388863.0,7034435.0
2019-10-11 13:05:27.521255,8619421.0,8389119.0,7034411.0
2019-10-11 13:05:27.617430,8619347.0,8389119.0,7034362.0
2019-10-11 13:05:27.709727,8619456.0,8389119.0,7034350.0
2019-10-11 13:05:27.802201,8619412.0,8388863.0,7034409.0
2019-10-11 13:05:27.894166,8619551.0,8389119.0,7034464.0
2019-10-11 13:05:27.988409,8619566.0,8389119.0,7034462.0
2019-10-11 13:05:28.082059,8619461.0,8389119.0,7034521.0
2019-10-11 13:05:28.178529,8619410.0,8389119.0,7034514.0
2019-10-11 13:05:28.273141,8619425.0,8389119.0,7034556.0
2019-10-11 13:05:28.363204,8619444.0,8389119.0,7034503.0
2019-10-11 13:05:28.458352,8619408.0,8389119.0,7034557.0
2019-10-11 13:05:28.552108,8619469.0,8388863.0,7034547.0
2019-10-11 13:05:28.645240,8619514.0,8388863.0,7034530.0
2019-10-11 13:05:28.740687,8619393.0,8389119.0,7034413.0
2019-10-11 13:05:28.832680,8619404.0,8389119.0,7034304.0
2019-10-11 13:05:28.924183,8619511.0,8389119.0,7034240.0
2019-10-11 13:05:29.018936,8619547.0,8389119.0,7034292.0
2019-10-11 13:05:29.110906,8619473.0,8389119.0,7034293.0
2019-10-11 13:05:29.206189,8619386.0,8388863.0,7034295.0
2019-10-11 13:05:29.298708,8619460.0,8389119.0,7034132.0
2019-10-11 13:05:29.393195,8619540.0,8389119.0,7033897.0
2019-10-11 13:05:29.487546,8619480.0,8389119.0,7033896.0
2019-10-11 13:05:29.577711,8619364.0,8389119.0,7033747.0
2019-10-11 13:05:29.674392,8619306.0,8389119.0,7033709.0
2019-10-11 13:05:29.767753,8619484.0,8389119.0,7033588.0
2019-10-11 13:05:29.860682,8619546.0,8389119.0,7033583.0
2019-10-11 13:05:29.954955,8619380.0,8389119.0,7033842.0
2019-10-11 13:05:30.048647,8619339.0,8389119.0,7034012.0
2019-10-11 13:05:30.140868,8619398.0,8389119.0,7033869.0
2019-10-11 13:05:30.231949,8619364.0,8388863.0,7033668.0
2019-10-11 13:05:30.327422,8619494.0,8389119.0,7033711.0
2019-10-11 13:05:30.421625,8619487.0,8389119.0,7033860.0
2019-10-11 13:05:30.516687,8619306.0,8389119.0,7033843.0
2019-10-11 13:05:30.609985,8619344.0,8389119.0,7033735.0
2019-10-11 13:05:30.703884,8619507.0,8389119.0,7033825.0
2019-10-11 13:05:30.793715,8619531.0,8389119.0,7033918.0
2019-10-11 13:05:30.888413,8619468.0,8388863.0,7033824.0
2019-10-11 13:05:30.983036,8619501.0,8388863.0,7033840.0
2019-10-11 13:05:31.078011,8619463.0,8389119.0,7033865.0
2019-10-11 13:05:31.173310,8619382.0,8388863.0,7033951.0
2019-10-11 13:05:31.267024,8619415.0,8388863.0,7033989.0
2019-10-11 13:05:31.356592,8619366.0,8389119.0,7033962.0
2019-10-11 13:05:31.449187,8619392.0,8389119.0,7033994.0
2019-10-11 13:05:31.543409,8619526.0,8388863.0,7033995.0
2019-10-11 13:05:31.637771,8619429.0,8389119.0,7034106.0
2019-10-11 13:05:31.733022,8619396.0,8388863.0,7033917.0
2019-10-11 13:05:31.826098,8619423.0,8388863.0,7033897.0
2019-10-11 13:05:31.917656,8619471.0,8389119.0,7033962.0
2019-10-11 13:05:32.011061,8619530.0,8388863.0,7033913.0
2019-10-11 13:05:32.104217,8619511.0,8388863.0,7034055.0
2019-10-11 13:05:32.199028,8619415.0,8389119.0,7034024.0
2019-10-11 13:05:32.293374,8619491.0,8389119.0,7034061.0
2019-10-11 13:05:32.388816,8619445.0,8388863.0,7034059.0
2019-10-11 13:05:32.483462,8619451.0,8389119.0,7033949.0
2019-10-11 13:05:32.573159,8619483.0,8389119.0,7034042.0
2019-10-11 13:05:32.666764,8619470.0,8388863.0,7033994.0
2019-10-11 13:05:32.760523,8619483.0,8389119.0,7034061.0
2019-10-11 13:05:32.854324,8619483.0,8389119.0,7033987.0
2019-10-11 13:05:32.950153,8619514.0,8388863.0,7034008.0
2019-10-11 13:05:33.043957,8619492.0,8389119.0,7034176.0
2019-10-11 13:05:33.132693,8619424.0,8389119.0,7034153.0
2019-10-11 13:05:33.227396,8619409.0,8388863.0,7034057.0
2019-10-11 13:05:33.322751,8619484.0,8388863.0,7033994.0
2019-10-11 13:05:33.415732,8619462.0,8389119.0,7034115.0
2019-10-11 13:05:33.509504,8619453.0,8388863.0,7034075.0
2019-10-11 13:05:33.604768,8619494.0,8389119.0,7034074.0
2019-10-11 13:05:33.695239,8619487.0,8389119.0,7034184.0
2019-10-11 13:05:33.789395,8619363.0,8388863.0,7034299.0
2019-10-11 13:05:33.882368,8619380.0,8389119.0,7034263.0
2019-10-11 13:05:33.976054,8619430.0,8389119.0,7034211.0
2019-10-11 13:05:34.071116,8619393.0,8388863.0,7034083.0
2019-10-11 13:05:34.167010,8619406.0,8389119.0,7034084.0
2019-10-11 13:05:34.259523,8619418.0,8389119.0,7034300.0
2019-10-11 13:05:34.352246,8619405.0,8388863.0,7034345.0
2019-10-11 13:05:34.446082,8619481.0,8389119.0,7034315.0
2019-10-11 13:05:34.540221,8619392.0,8388863.0,7034177.0
2019-10-11 13:05:34.633938,8619441.0,8389119.0,7034248.0
2019-10-11 13:05:34.727005,8619445.0,8389119.0,7034273.0
2019-10-11 13:05:34.819228,8619336.0,8388863.0,7034246.0
2019-10-11 13:05:34.910534,8619368.0,8389119.0,7034247.0
2019-10-11 13:05:35.004696,8619457.0,8389119.0,7034300.0
2019-10-11 13:05:35.099182,8619476.0,8388863.0,7034316.0
2019-10-11 13:05:35.193508,8619446.0,8389119.0,7034334.0
2019-10-11 13:05:35.288981,8619431.0,8388863.0,7034524.0
2019-10-11 13:05:35.380573,8619468.0,8389119.0,7034397.0
2019-10-11 13:05:35.471446,8619443.0,8389119.0,7034341.0
2019-10-11 13:05:35.565629,8619466.0,8388863.0,7034391.0
2019-10-11 13:05:35.659674,8619351.0,8389119.0,7034332.0
2019-10-11 13:05:35.755442,8619280.0,8389119.0,7034412.0
2019-10-11 13:05:35.850379,8619437.0,8389119.0,7034430.0
2019-10-11 13:05:35.945120,8619375.0,8389119.0,7034442.0
2019-10-11 13:05:36.032032,8619437.0,8388863.0,7034435.0
2019-10-11 13:05:36.127678,8619538.0,8389119.0,7034526.0
2019-10-11 13:05:36.222604,8619543.0,8389119.0,7034408.0
2019-10-11 13:05:36.315919,8619534.0,8388863.0,7034388.0
2019-10-11 13:05:36.410888,8619540.0,8389119.0,7034455.0
2019-10-11 13:05:36.505331,8619448.0,8388863.0,7034447.0
2019-10-11 13:05:36.597981,8619461.0,8388863.0,7034580.0
2019-10-11 13:05:36.688366,8619501.0,8389119.0,7034462.0
2019-10-11 13:05:36.784153,8619478.0,8388863.0,7034541.0
2019-10-11 13:05:36.875821,8619528.0,8388863.0,7034574.0
2019-10-11 13:05:36.969627,8619464.0,8389119.0,7034560.0
2019-10-11 13:05:37.065987,8619366.0,8389119.0,7034712.0
2019-10-11 13:05:37.161312,8619381.0,8388863.0,7034627.0
2019-10-11 13:05:37.249234,8619402.0,8389119.0,7034609.0
2019-10-11 13:05:37.343614,8619418.0,8389119.0,7034496.0
2019-10-11 13:05:37.437610,8619411.0,8388863.0,7034434.0
2019-10-11 13:05:37.532547,8619389.0,8388863.0,7034473.0
2019-10-11 13:05:37.628725,8619469.0,8389119.0,7034534.0
2019-10-11 13:05:37.720149,8619448.0,8388863.0,7034604.0
2019-10-11 13:05:37.811453,8619443.0,8389119.0,7034777.0
2019-10-11 13:05:37.904131,8619516.0,8389119.0,7034740.0
2019-10-11 13:05:37.997671,8619403.0,8388863.0,7034576.0
2019-10-11 13:05:38.093637,8619407.0,8388863.0,7034589.0
2019-10-11 13:05:38.187492,8619392.0,8388863.0,7034616.0
2019-10-11 13:05:38.281237,8619442.0,8389119.0,7034677.0
2019-10-11 13:05:38.374220,8619435.0,8389119.0,7034771.0
2019-10-11 13:05:38.467184,8619383.0,8388863.0,7034780.0
2019-10-11 13:05:38.559589,8619372.0,8389119.0,7034568.0
2019-10-11 13:05:38.654645,8619402.0,8388863.0,7034672.0
2019-10-11 13:05:38.749312,8619418.0,8388863.0,7034681.0
2019-10-11 13:05:38.842319,8619376.0,8389119.0,7034597.0
2019-10-11 13:05:38.938450,8619463.0,8388863.0,7034691.0
2019-10-11 13:05:39.029180,8619450.0,8389119.0,7034588.0
2019-10-11 13:05:39.120601,8619401.0,8389119.0,7034514.0
2019-10-11 13:05:39.217496,8619344.0,8389119.0,7034566.0
2019-10-11 13:05:39.310165,8619326.0,8388863.0,7034576.0
2019-10-11 13:05:39.403467,8619401.0,8389119.0,7034587.0
2019-10-11 13:05:39.499331,8619456.0,8389119.0,7034597.0
2019-10-11 13:05:39.588239,8619403.0,8388863.0,7034716.0
2019-10-11 13:05:39.682549,8619341.0,8388863.0,7034612.0
2019-10-11 13:05:39.775685,8619390.0,8389119.0,7034621.0
2019-10-11 13:05:39.871606,8619460.0,8388863.0,7034587.0
2019-10-11 13:05:39.966251,8619531.0,8388863.0,7034650.0
2019-10-11 13:05:40.059277,8619397.0,8389119.0,7034562.0
2019-10-11 13:05:40.149822,8619382.0,8388863.0,7034636.0
2019-10-11 13:05:40.245674,8619499.0,8388863.0,7034655.0
2019-10-11 13:05:40.340305,8619470.0,8389119.0,7034622.0
2019-10-11 13:05:40.433368,8619356.0,8389119.0,7034665.0
2019-10-11 13:05:40.525348,8619443.0,8389119.0,7034668.0
2019-10-11 13:05:40.620415,8619388.0,8389119.0,7034708.0
2019-10-11 13:05:40.711833,8619344.0,8389119.0,7034651.0
2019-10-11 13:05:40.804419,8619327.0,8389119.0,7034604.0
2019-10-11 13:05:40.898144,8619368.0,8389119.0,7034642.0
2019-10-11 13:05:40.992140,8619479.0,8388863.0,7034650.0
2019-10-11 13:05:41.088796,8619451.0,8388863.0,7034690.0
2019-10-11 13:05:41.182799,8619344.0,8389119.0,7034738.0
2019-10-11 13:05:41.274825,8619358.0,8388863.0,7034810.0
2019-10-11 13:05:41.367420,8619456.0,8388863.0,7034749.0
2019-10-11 13:05:41.462516,8619416.0,8388863.0,7034840.0
2019-10-11 13:05:41.556307,8619382.0,8389119.0,7034834.0
2019-10-11 13:05:41.649542,8619422.0,8388863.0,7034798.0
2019-10-11 13:05:41.742297,8619408.0,8388863.0,7034854.0
2019-10-11 13:05:41.837694,8619346.0,8389119.0,7034859.0
2019-10-11 13:05:41.928044,8619427.0,8389119.0,7034858.0
2019-10-11 13:05:42.022313,8619369.0,8388863.0,7034760.0
2019-10-11 13:05:42.115807,8619252.0,8389119.0,7034764.0
2019-10-11 13:05:42.208740,8619272.0,8389119.0,7034776.0
2019-10-11 13:05:42.303920,8619385.0,8388863.0,7034703.0
2019-10-11 13:05:42.399254,8619318.0,8389119.0,7034935.0
2019-10-11 13:05:42.487121,8619251.0,8389119.0,7034973.0
2019-10-11 13:05:42.583365,8619349.0,8388863.0,7034847.0
2019-10-11 13:05:42.678252,8619445.0,8388863.0,7034810.0
2019-10-11 13:05:42.770217,8619483.0,8389119.0,7034750.0
2019-10-11 13:05:42.866326,8619444.0,8389119.0,7034824.0
2019-10-11 13:05:42.958899,8619427.0,8388863.0,7034832.0
2019-10-11 13:05:43.047691,8619381.0,8388863.0,7034779.0
2019-10-11 13:05:43.142363,8619388.0,8389119.0,7034955.0
2019-10-11 13:05:43.237222,8619396.0,8389119.0,7034923.0
2019-10-11 13:05:43.330365,8619360.0,8389119.0,7034894.0
2019-10-11 13:05:43.425419,8619390.0,8389119.0,7034906.0
2019-10-11 13:05:43.520604,8619440.0,8388863.0,7034928.0
2019-10-11 13:05:43.609225,8619490.0,8388863.0,7034971.0
2019-10-11 13:05:43.704089,8619386.0,8388863.0,7035057.0
2019-10-11 13:05:43.799600,8619364.0,8388863.0,7035048.0
2019-10-11 13:05:43.892624,8619380.0,8389119.0,7035077.0
2019-10-11 13:05:43.988932,8619381.0,8389119.0,7035098.0
2019-10-11 13:05:44.083306,8619381.0,8389119.0,7034986.0
2019-10-11 13:05:44.173822,8619327.0,8389119.0,7034880.0
2019-10-11 13:05:44.266211,8619327.0,8389119.0,7034945.0
2019-10-11 13:05:44.358159,8619313.0,8389119.0,7035001.0
2019-10-11 13:05:44.455840,8619347.0,8389119.0,7034949.0
2019-10-11 13:05:44.548824,8619346.0,8389119.0,7034982.0
2019-10-11 13:05:44.642213,8619444.0,8389119.0,7035058.0
2019-10-11 13:05:44.737991,8619402.0,8389119.0,7034849.0
2019-10-11 13:05:44.828111,8619381.0,8388863.0,7034954.0
2019-10-11 13:05:44.919645,8619378.0,8388863.0,7035070.0
2019-10-11 13:05:45.016113,8619380.0,8389119.0,7035058.0
2019-10-11 13:05:45.108848,8619382.0,8389119.0,7035051.0
2019-10-11 13:05:45.205912,8619340.0,8389119.0,7035035.0
2019-10-11 13:05:45.297276,8619407.0,8389119.0,7035145.0
2019-10-11 13:05:45.387507,8619344.0,8389119.0,7035178.0
2019-10-11 13:05:45.483560,8619330.0,8389119.0,7035159.0
2019-10-11 13:05:45.575726,8619233.0,8389119.0,7035149.0
2019-10-11 13:05:45.672285,8619325.0,8389119.0,7035013.0
2019-10-11 13:05:45.766739,8619320.0,8389119.0,7035096.0
2019-10-11 13:05:45.858059,8619300.0,8389119.0,7035074.0
2019-10-11 13:05:45.953865,8619327.0,8388863.0,7034999.0
2019-10-11 13:05:46.042325,8619284.0,8389119.0,7035074.0
2019-10-11 13:05:46.138303,8619244.0,8389119.0,7035156.0
2019-10-11 13:05:46.233986,8619291.0,8389119.0,7035050.0
2019-10-11 13:05:46.326859,8619378.0,8388863.0,7035151.0
2019-10-11 13:05:46.419919,8619438.0,8389119.0,7035067.0
2019-10-11 13:05:46.514276,8619397.0,8389119.0,7035125.0
2019-10-11 13:05:46.605506,8619328.0,8388863.0,7035277.0
2019-10-11 13:05:46.698876,8619346.0,8389119.0,7035067.0
2019-10-11 13:05:46.793494,8619423.0,8388863.0,7034929.0
2019-10-11 13:05:46.886475,8619352.0,8388863.0,7035125.0
2019-10-11 13:05:46.981026,8619394.0,8389119.0,7035287.0
2019-10-11 13:05:47.074767,8619394.0,8388863.0,7035218.0
2019-10-11 13:05:47.167663,8619368.0,8389119.0,7035235.0
2019-10-11 13:05:47.261772,8619373.0,8389119.0,7035185.0
2019-10-11 13:05:47.355684,8619335.0,8389119.0,7035128.0
2019-10-11 13:05:47.449559,8619381.0,8389119.0,7035177.0
2019-10-11 13:05:47.543800,8619373.0,8388863.0,7035118.0
2019-10-11 13:05:47.637127,8619297.0,8389119.0,7035045.0
2019-10-11 13:05:47.728129,8619317.0,8388863.0,7035068.0
2019-10-11 13:05:47.820257,8619427.0,8389119.0,7035079.0
2019-10-11 13:05:47.914144,8619304.0,8389119.0,7035013.0
2019-10-11 13:05:48.009348,8619259.0,8389119.0,7035056.0
2019-10-11 13:05:48.105058,8619217.0,8389119.0,7034909.0
2019-10-11 13:05:48.198540,8619316.0,8389119.0,7034868.0
2019-10-11 13:05:48.286849,8619297.0,8389119.0,7034883.0
2019-10-11 13:05:48.381912,8619271.0,8388863.0,7034974.0
2019-10-11 13:05:48.478305,8619324.0,8389119.0,7035067.0
2019-10-11 13:05:48.569640,8619404.0,8389119.0,7034931.0
2019-10-11 13:05:48.666338,8619393.0,8388863.0,7034904.0
2019-10-11 13:05:48.758264,8619290.0,8388863.0,7034963.0
2019-10-11 13:05:48.853625,8619200.0,8389119.0,7035040.0
2019-10-11 13:05:48.944630,8619288.0,8389119.0,7034978.0
2019-10-11 13:05:49.036991,8619415.0,8388863.0,7034951.0
2019-10-11 13:05:49.131715,8619438.0,8389119.0,7035035.0
2019-10-11 13:05:49.227202,8619429.0,8388863.0,7035052.0
2019-10-11 13:05:49.319541,8619409.0,8388863.0,7035026.0