time,chan1,chan2,chan3,chan4,chan5,chan6,chan7,chan8,chan9,chan10
2019-12-20 15:55:58.138594,8312418.0,8321083.0,0.0,8204347.0,6875905.0,7457343.0,8400515.0,9212094.0,8916192.0,7918379.0
2019-12-20 15:55:58.249142,8315425.0,8318762.0,0.0,8202931.0,6754456.0,7457345.0,8400634.0,9212031.0,8916213.0,7918407.0
2019-12-20 15:55:58.359276,8326487.0,8319940.0,0.0,8182830.0,6876845.0,7457315.0,8400515.0,9211943.0,8916194.0,7918413.0
2019-12-20 15:55:58.466190,8330206.0,8324452.0,0.0,8140104.0,6805108.0,7457358.0,8400368.0,9212107.0,8916162.0,7918423.0
2019-12-20 15:55:58.576180,8332020.0,8309485.0,0.0,8062207.0,7412296.0,7457190.0,8400304.0,9211940.0,8916074.0,7918489.0
2019-12-20 15:55:58.687321,8333560.0,8320782.0,0.0,8116382.0,7414617.0,7457072.0,8400749.0,9211989.0,8915997.0,7918485.0
2019-12-20 15:55:58.797047,8318669.0,8368484.0,0.0,8295689.0,7365180.0,7457085.0,8400754.0,9212195.0,8915937.0,7918342.0
2019-12-20 15:55:58.903925,8309502.0,8378986.0,0.0,8345547.0,7407613.0,7457255.0,8400329.0,9212298.0,8915899.0,7918256.0
2019-12-20 15:55:59.014326,8308892.0,8378557.0,0.0,8343493.0,7292254.0,7457185.0,8400228.0,9212385.0,8915843.0,7918219.0
2019-12-20 15:55:59.125040,8311064.0,8379411.0,0.0,8353714.0,7143000.0,7457196.0,8400285.0,9212212.0,8915827.0,7918212.0
2019-12-20 15:55:59.231847,8307312.0,8377275.0,0.0,8348961.0,7076966.0,7457117.0,8400310.0,9212216.0,8915751.0,7918157.0
2019-12-20 15:55:59.341997,8305229.0,8346194.0,0.0,8319235.0,7090402.0,7456967.0,8400408.0,9212241.0,8915702.0,7918135.0
2019-12-20 15:55:59.452759,8307727.0,8326287.0,0.0,8312729.0,7151474.0,7456852.0,8400412.0,9212197.0,8915817.0,7918072.0
2019-12-20 15:55:59.559880,8310756.0,8322624.0,0.0,8310354.0,7173868.0,7456968.0,8400575.0,9212128.0,8915806.0,7918020.0
2019-12-20 15:55:59.670074,8305901.0,8331507.0,0.0,8312958.0,6769860.0,7457045.0,8400569.0,9212229.0,8915829.0,7918019.0
2019-12-20 15:55:59.780982,8306040.0,8337890.0,0.0,8278610.0,6534839.0,7457017.0,8400412.0,9212210.0,8915703.0,7917970.0
2019-12-20 15:55:59.887588,8263988.0,8271093.0,0.0,8049824.0,6392510.0,7456962.0,8400369.0,9212131.0,8915567.0,7917853.0
2019-12-20 15:55:59.997971,8270235.0,8152591.0,0.0,7841315.0,6272265.0,7456902.0,8400435.0,9212236.0,8915579.0,7917824.0
2019-12-20 15:56:00.108049,8221788.0,7685527.0,0.0,7531145.0,6080179.0,7456838.0,8400596.0,9212340.0,8915536.0,7917876.0
2019-12-20 15:56:00.215066,8025741.0,7636254.0,0.0,7533568.0,6113575.0,7456849.0,8400720.0,9212087.0,8915414.0,7917876.0
2019-12-20 15:56:00.325644,8291406.0,7723850.0,0.0,7594435.0,6592500.0,7456723.0,8400391.0,9212143.0,8915362.0,7917844.0
2019-12-20 15:56:00.435650,8335209.0,7884964.0,0.0,7669578.0,6249967.0,7456684.0,8400529.0,9212161.0,8915360.0,7917873.0
2019-12-20 15:56:00.542691,8323061.0,8101996.0,0.0,7775098.0,7498886.0,7456921.0,8400423.0,9212238.0,8915284.0,7917808.0
2019-12-20 15:56:00.652777,8288244.0,8023474.0,0.0,7723413.0,7045937.0,7456829.0,8400291.0,9212273.0,8915224.0,7917722.0
2019-12-20 15:56:00.763585,8268150.0,8250106.0,0.0,7892386.0,6986987.0,7456778.0,8400385.0,9212320.0,8915140.0,7917709.0
2019-12-20 15:56:00.870312,8317485.0,8318267.0,0.0,8300845.0,6897199.0,7456902.0,8400255.0,9212478.0,8915097.0,7917708.0
2019-12-20 15:56:00.980756,8324692.0,8315521.0,0.0,8274404.0,6777070.0,7456874.0,8400409.0,9212359.0,8915031.0,7917662.0
2019-12-20 15:56:01.090815,8333395.0,8312695.0,0.0,8159289.0,7289543.0,7456886.0,8400285.0,9212412.0,8914966.0,7917654.0
2019-12-20 15:56:01.197975,8335918.0,8309549.0,0.0,8107541.0,7440601.0,7456809.0,8400638.0,9212503.0,8914904.0,7917619.0
2019-12-20 15:56:01.308445,8328509.0,8313230.0,0.0,8250512.0,7348940.0,7456867.0,8400647.0,9212614.0,8914920.0,7917675.0
2019-12-20 15:56:01.418881,8317407.0,8346248.0,0.0,8320494.0,7304982.0,7456876.0,8400374.0,9212788.0,8914927.0,7917570.0
2019-12-20 15:56:01.525537,8311674.0,8378926.0,0.0,8353342.0,7187992.0,7456754.0,8400318.0,9212658.0,8914892.0,7917538.0
2019-12-20 15:56:01.636519,8306762.0,8374508.0,0.0,8333170.0,7280423.0,7456819.0,8400411.0,9212743.0,8914843.0,7917572.0
2019-12-20 15:56:01.746424,8307003.0,8375127.0,0.0,8330843.0,7711478.0,7456882.0,8400457.0,9212576.0,8914755.0,7917504.0
2019-12-20 15:56:01.852744,8309190.0,8378031.0,0.0,8341713.0,7634260.0,7457039.0,8400379.0,9212541.0,8914648.0,7917421.0
2019-12-20 15:56:01.963600,8312620.0,8381262.0,0.0,8367424.0,7330054.0,7457166.0,8400352.0,9212745.0,8914636.0,7917500.0
2019-12-20 15:56:02.074378,8320397.0,8384397.0,0.0,8380848.0,7306134.0,7457156.0,8400288.0,9212689.0,8914697.0,7917411.0
2019-12-20 15:56:02.180448,8317807.0,8382924.0,0.0,8363538.0,7260906.0,7457185.0,8400270.0,9212603.0,8914721.0,7917325.0
2019-12-20 15:56:02.291594,8307253.0,8375787.0,0.0,8333487.0,7327833.0,7457164.0,8400329.0,9212512.0,8914680.0,7917345.0
2019-12-20 15:56:02.401649,8307481.0,8375909.0,0.0,8336243.0,7266061.0,7457149.0,8400390.0,9212510.0,8914703.0,7917472.0
2019-12-20 15:56:02.512206,8308880.0,8373260.0,0.0,8335805.0,6776249.0,7457074.0,8400438.0,9212574.0,8914703.0,7917529.0
2019-12-20 15:56:02.619263,8312691.0,8335128.0,0.0,8302360.0,6595206.0,7457013.0,8400346.0,9212546.0,8914661.0,7917502.0
2019-12-20 15:56:02.729671,8321524.0,8315457.0,0.0,8198668.0,7799464.0,7456968.0,8400439.0,9212479.0,8914649.0,7917489.0
2019-12-20 15:56:02.840374,8312065.0,8224497.0,0.0,7960840.0,6156656.0,7456946.0,8400457.0,9212406.0,8914512.0,7917469.0
2019-12-20 15:56:02.946660,8102986.0,7511242.0,0.0,7488863.0,6198628.0,7456993.0,8400755.0,9212396.0,8914435.0,7917460.0
2019-12-20 15:56:03.056887,7871182.0,7473682.0,0.0,7599133.0,6225546.0,7456857.0,8400694.0,9212365.0,8914838.0,7916236.0
2019-12-20 15:56:03.168067,7996024.0,7845360.0,0.0,7780988.0,6766883.0,7458622.0,8400603.0,9213818.0,8916447.0,7913802.0
2019-12-20 15:56:03.274051,8257490.0,7980755.0,0.0,7687002.0,6559687.0,7470588.0,8400331.0,9213981.0,8917708.0,7912505.0
2019-12-20 15:56:03.385057,8005756.0,7167585.0,0.0,7226033.0,6533801.0,7471656.0,8400465.0,9213672.0,8917835.0,7912450.0
2019-12-20 15:56:03.495702,7792824.0,6853152.0,0.0,7105807.0,6437454.0,7470925.0,8400617.0,9214559.0,8918251.0,7911754.0
2019-12-20 15:56:03.601943,7588891.0,6814306.0,0.0,7058048.0,7815948.0,7475273.0,8400744.0,9215003.0,8919010.0,7910650.0
2019-12-20 15:56:03.712532,7757890.0,6620245.0,0.0,6940618.0,8019724.0,7480778.0,8400695.0,9213125.0,8919180.0,7910340.0
2019-12-20 15:56:03.823307,7488512.0,6113169.0,0.0,6815783.0,7492196.0,7482975.0,8400750.0,9213049.0,8918979.0,7910578.0
2019-12-20 15:56:03.929496,7609426.0,6822974.0,0.0,7360451.0,7398622.0,7480694.0,8400904.0,9213782.0,8918888.0,7910515.0
2019-12-20 15:56:04.040712,8105377.0,8105490.0,0.0,8194666.0,7400150.0,7485462.0,8400532.0,9213469.0,8918962.0,7910097.0
2019-12-20 15:56:04.150749,8306248.0,8341216.0,0.0,8323860.0,6867938.0,7493533.0,8400347.0,9212941.0,8920180.0,7908981.0
2019-12-20 15:56:04.257142,8311266.0,8357105.0,0.0,8341734.0,6083553.0,7495706.0,8400375.0,9213582.0,8920671.0,7908247.0
2019-12-20 15:56:04.368170,8291177.0,8310104.0,0.0,8206137.0,6319969.0,7492484.0,8400307.0,9214772.0,8921116.0,7907855.0
2019-12-20 15:56:04.478384,8211155.0,7434340.0,0.0,7723642.0,6244818.0,7490526.0,8400506.0,9214308.0,8921064.0,7907887.0
2019-12-20 15:56:04.585224,8201693.0,7468654.0,0.0,7482387.0,6399764.0,7492681.0,8400609.0,9213344.0,8920794.0,7908100.0
2019-12-20 15:56:04.695978,8266883.0,7568497.0,0.0,7520908.0,6289080.0,7497063.0,8400502.0,9212482.0,8920449.0,7908217.0
2019-12-20 15:56:04.806074,8286246.0,7602076.0,0.0,7512364.0,6336258.0,7499703.0,8400460.0,9212508.0,8920286.0,7908305.0
2019-12-20 15:56:04.913056,8001304.0,7283117.0,0.0,7334086.0,6355910.0,7496144.0,8400302.0,9213779.0,8920323.0,7908265.0
2019-12-20 15:56:05.023234,8065840.0,7076010.0,0.0,7262683.0,6565903.0,7491991.0,8400536.0,9214701.0,8920715.0,7908013.0
2019-12-20 15:56:05.133932,8248208.0,7393419.0,0.0,7443946.0,6556063.0,7492278.0,8400432.0,9214982.0,8921116.0,7907387.0
2019-12-20 15:56:05.240175,8347324.0,8281750.0,0.0,7735674.0,6377144.0,7497042.0,8400423.0,9214269.0,8921317.0,7907579.0
2019-12-20 15:56:05.351317,8353155.0,8090789.0,0.0,7665946.0,6156504.0,7501391.0,8400625.0,9209225.0,8920389.0,7908571.0
2019-12-20 15:56:05.461636,8270305.0,7568879.0,0.0,7442053.0,8531163.0,7505643.0,8400582.0,9206577.0,8917443.0,7910036.0
2019-12-20 15:56:05.567909,7855495.0,6987149.0,0.0,7158110.0,7737101.0,7507386.0,8400672.0,9205153.0,8916167.0,7912013.0
2019-12-20 15:56:05.678815,7593327.0,6469253.0,0.0,6878835.0,8028543.0,7507405.0,8400481.0,9205913.0,8916882.0,7912350.0
2019-12-20 15:56:05.789216,7649785.0,6294510.0,0.0,6827456.0,6127520.0,7505720.0,8400545.0,9209112.0,8918930.0,7910906.0
2019-12-20 15:56:05.895788,7680865.0,6382851.0,0.0,6843833.0,7567136.0,7501366.0,8400538.0,9211980.0,8919960.0,7909740.0
2019-12-20 15:56:06.006545,7846530.0,6750469.0,0.0,6994742.0,6525204.0,7495904.0,8400623.0,9214683.0,8920247.0,7909571.0
2019-12-20 15:56:06.116957,7828163.0,6721585.0,0.0,7047442.0,6044642.0,7491671.0,8400738.0,9214742.0,8920109.0,7909913.0
2019-12-20 15:56:06.223204,7894540.0,6935658.0,0.0,7185031.0,6921885.0,7487996.0,8400526.0,9214490.0,8919493.0,7910735.0
2019-12-20 15:56:06.334020,8073959.0,7163184.0,0.0,7361188.0,6515377.0,7481498.0,8400514.0,9214231.0,8918919.0,7911463.0
2019-12-20 15:56:06.444349,8228929.0,7843971.0,0.0,7920000.0,6560622.0,7478916.0,8400787.0,9213997.0,8918167.0,7912204.0
2019-12-20 15:56:06.555453,8352200.0,8286071.0,0.0,8048490.0,6499542.0,7477649.0,8400486.0,9214367.0,8917774.0,7912824.0
2019-12-20 15:56:06.661259,8358433.0,8299551.0,0.0,7852513.0,6438632.0,7477447.0,8400654.0,9214716.0,8917988.0,7912935.0
2019-12-20 15:56:06.771852,8325461.0,7572304.0,0.0,7783622.0,9185325.0,7477264.0,8400532.0,9214675.0,8918014.0,7913003.0
2019-12-20 15:56:06.883154,7994160.0,6357607.0,0.0,6810499.0,14318108.0,7477084.0,8400493.0,9214624.0,8917882.0,7912977.0
2019-12-20 15:56:06.989460,7567130.0,6166816.0,0.0,6760234.0,8359146.0,7477008.0,8400792.0,9214835.0,8917898.0,7912982.0
2019-12-20 15:56:07.100164,7173339.0,5063892.0,0.0,6321019.0,7205783.0,7476932.0,8400804.0,9214722.0,8917862.0,7913039.0
2019-12-20 15:56:07.210591,7647044.0,5388273.0,0.0,6799311.0,7339536.0,7476924.0,8400941.0,9214918.0,8917798.0,7913015.0
2019-12-20 15:56:07.320778,8115537.0,7613507.0,0.0,7927198.0,7321357.0,7476969.0,8400602.0,9215195.0,8917669.0,7912964.0
2019-12-20 15:56:07.427270,8299432.0,8330307.0,0.0,8323487.0,7554117.0,7476989.0,8400442.0,9215188.0,8917625.0,7912923.0
2019-12-20 15:56:07.538204,8310325.0,8381190.0,0.0,8355128.0,7000393.0,7477001.0,8400426.0,9215256.0,8917593.0,7912956.0
2019-12-20 15:56:07.653155,8310600.0,8378578.0,527959.0,8326685.0,6895302.0,7477051.0,8400299.0,9215346.0,8917570.0,7912916.0
2019-12-20 15:56:07.759452,8309793.0,8361396.0,0.0,8267036.0,6782079.0,7476944.0,8400307.0,9215282.0,8917631.0,7912866.0
2019-12-20 15:56:07.870092,8310740.0,8372122.0,0.0,8179859.0,7013548.0,7477064.0,8400302.0,9215188.0,8917635.0,7912795.0
2019-12-20 15:56:07.980331,8310296.0,8376457.0,0.0,8184357.0,6968983.0,7477086.0,8400392.0,9215342.0,8917623.0,7912786.0
2019-12-20 15:56:08.091068,8312590.0,8349366.0,0.0,8285640.0,7125343.0,7476867.0,8400323.0,9215426.0,8917500.0,7912839.0
2019-12-20 15:56:08.197270,8312993.0,8321960.0,0.0,8279810.0,7254548.0,7476462.0,8400354.0,9215305.0,8917258.0,7913598.0
2019-12-20 15:56:08.307839,8306551.0,8327897.0,0.0,8317909.0,7235283.0,7475930.0,8400317.0,9215334.0,8916689.0,7914667.0
2019-12-20 15:56:08.418187,8306895.0,8366250.0,0.0,8333339.0,7123936.0,7474368.0,8400340.0,9215219.0,8915630.0,7916447.0
2019-12-20 15:56:08.525640,8305664.0,8371442.0,0.0,8327211.0,6908228.0,7467366.0,8400452.0,9214910.0,8914315.0,7918421.0
2019-12-20 15:56:08.635849,8306644.0,8344167.0,0.0,8315333.0,6444563.0,7461953.0,8400524.0,9213973.0,8912154.0,7921379.0
2019-12-20 15:56:08.746205,8313368.0,8322375.0,0.0,8270111.0,6313379.0,7457464.0,8400457.0,9211537.0,8909767.0,7924807.0
2019-12-20 15:56:08.853051,8332945.0,8302068.0,0.0,8025057.0,6421349.0,7454733.0,8400501.0,9210519.0,8907197.0,7928374.0
2019-12-20 15:56:08.963542,8256215.0,7913301.0,0.0,7731412.0,6550688.0,7454057.0,8400418.0,9210502.0,8905598.0,7930638.0
2019-12-20 15:56:09.073714,8337939.0,8128116.0,0.0,7796523.0,6615787.0,7453909.0,8400474.0,9210233.0,8904017.0,7933111.0
2019-12-20 15:56:09.180717,8365594.0,8290650.0,0.0,7871323.0,6628204.0,7451536.0,8400459.0,9209721.0,8902685.0,7934190.0
2019-12-20 15:56:09.290875,8346532.0,8307981.0,0.0,7945523.0,6071206.0,7451594.0,8400522.0,9209946.0,8902558.0,7933984.0
2019-12-20 15:56:09.401991,8298672.0,8239229.0,0.0,7924426.0,6837759.0,7453371.0,8400342.0,9211228.0,8902844.0,7933710.0
2019-12-20 15:56:09.511927,8111674.0,7660477.0,0.0,7512607.0,11878303.0,7454169.0,8400431.0,9211685.0,8903393.0,7933420.0
2019-12-20 15:56:09.618773,7486545.0,6048550.0,0.0,6903941.0,6096968.0,7455588.0,8400567.0,9211933.0,8903529.0,7932917.0
2019-12-20 15:56:09.729506,7830101.0,6717505.0,0.0,6738502.0,6127443.0,7455104.0,8400624.0,9211555.0,8903722.0,7932875.0
2019-12-20 15:56:09.839388,8234905.0,7533646.0,0.0,7547651.0,6583416.0,7454039.0,8400547.0,9211316.0,8903101.0,7933172.0
2019-12-20 15:56:09.946825,8303698.0,7779218.0,0.0,7631663.0,8276018.0,8329788.0,8400380.0,9209148.0,8902249.0,7933530.0
2019-12-20 15:56:10.056879,8184449.0,7700219.0,0.0,7504605.0,7243763.0,2097151.0,8400488.0,9208302.0,8901695.0,7933046.0
2019-12-20 15:56:10.167122,7925651.0,6899102.0,0.0,7041537.0,7589972.0,7443273.0,8400598.0,9208084.0,8902200.0,7931957.0
2019-12-20 15:56:10.274126,7632764.0,6487003.0,0.0,6908308.0,8234213.0,7442059.0,8400590.0,9207648.0,8902429.0,7931811.0
2019-12-20 15:56:10.384286,7565814.0,6275971.0,0.0,6878468.0,9228064.0,7443863.0,8400700.0,9207856.0,8902542.0,7931785.0
2019-12-20 15:56:10.495452,7457688.0,6039602.0,0.0,6743970.0,6045399.0,7443626.0,8400806.0,9207832.0,8902769.0,7931025.0
2019-12-20 15:56:10.601311,7645981.0,6467248.0,0.0,7043017.0,6042864.0,7443148.0,8400828.0,9207546.0,8903157.0,7930652.0
2019-12-20 15:56:10.712455,8037485.0,7065448.0,0.0,7274437.0,6220304.0,7445577.0,8400628.0,9207177.0,8902891.0,7931448.0
2019-12-20 15:56:10.822867,8054772.0,7013090.0,0.0,7210224.0,6562304.0,7441768.0,8400663.0,9205896.0,8900625.0,7933128.0
2019-12-20 15:56:10.929590,7917690.0,6941101.0,0.0,7158133.0,6211011.0,7439019.0,8400684.0,9205354.0,8900778.0,7934002.0
2019-12-20 15:56:11.039860,7885939.0,6811585.0,0.0,7101610.0,6790471.0,7437968.0,8400787.0,9209034.0,8900731.0,7933694.0
2019-12-20 15:56:11.150297,8136222.0,7577781.0,0.0,7203662.0,6636687.0,7443295.0,8400818.0,9210150.0,8899153.0,7935081.0
2019-12-20 15:56:11.257209,8295834.0,8227650.0,0.0,7691763.0,6640086.0,7454069.0,8400619.0,9211461.0,8897876.0,7938201.0
2019-12-20 15:56:11.367745,8334055.0,8311025.0,0.0,7993777.0,6566194.0,7458605.0,8400484.0,9213085.0,8899844.0,7937245.0
2019-12-20 15:56:11.478236,8329725.0,8313997.0,0.0,7978176.0,6147044.0,7444449.0,8400485.0,9212036.0,8902781.0,7933490.0
2019-12-20 15:56:11.584668,8335341.0,8253914.0,0.0,7871039.0,6067137.0,7440875.0,8400369.0,9210523.0,8904842.0,7928295.0
2019-12-20 15:56:11.695530,8333992.0,7923829.0,0.0,7666469.0,6467330.0,7439778.0,8400351.0,9210743.0,8905739.0,7927785.0
2019-12-20 15:56:11.805498,8356695.0,7754414.0,0.0,7626007.0,6538235.0,7443040.0,8400603.0,9212003.0,8905672.0,7929126.0
2019-12-20 15:56:11.912175,8349754.0,8290135.0,0.0,7759206.0,6325259.0,7458342.0,8400590.0,9215905.0,8904795.0,7930218.0
2019-12-20 15:56:12.022452,8347543.0,8277874.0,0.0,7829499.0,6460279.0,7473713.0,8400553.0,9219223.0,8905019.0,7930198.0
2019-12-20 15:56:12.133475,8353506.0,8185681.0,0.0,7716666.0,6073148.0,7476852.0,8400575.0,9220596.0,8907282.0,7928259.0
2019-12-20 15:56:12.240248,8347833.0,8043047.0,0.0,7643290.0,7256744.0,7469811.0,8400493.0,9219326.0,8907726.0,7927274.0
2019-12-20 15:56:12.350452,8284682.0,7685817.0,0.0,7607917.0,7194594.0,7474515.0,8400677.0,9220030.0,8909579.0,7925536.0
2019-12-20 15:56:12.461497,8294396.0,7992415.0,0.0,8059835.0,7476814.0,7483389.0,8400721.0,9223343.0,8911664.0,7922193.0
2019-12-20 15:56:12.571918,8321956.0,8323744.0,0.0,8300186.0,6528718.0,7483863.0,8400408.0,9224991.0,8913477.0,7919815.0
2019-12-20 15:56:12.686202,8318842.0,8378875.0,1810127.0,8332370.0,7046982.0,7476268.0,8400355.0,9226616.0,8916101.0,7915844.0
2019-12-20 15:56:12.792807,8312880.0,8372700.0,0.0,8297973.0,6876743.0,7468011.0,8400154.0,9225724.0,8916669.0,7913772.0
2019-12-20 15:56:12.902994,8318933.0,8333889.0,0.0,8297590.0,7120969.0,7462367.0,8400397.0,9225594.0,8916572.0,7913096.0
2019-12-20 15:56:13.013854,8315420.0,8346669.0,0.0,8297628.0,7173363.0,7463178.0,8400274.0,9226663.0,8917340.0,7911909.0
2019-12-20 15:56:13.120542,8305754.0,8352085.0,0.0,8313501.0,7086917.0,7463820.0,8400407.0,9227311.0,8917879.0,7911071.0
2019-12-20 15:56:13.230712,8306776.0,8361509.0,0.0,8319401.0,7424288.0,7463936.0,8400462.0,9227462.0,8917907.0,7910880.0
2019-12-20 15:56:13.341775,8306477.0,8323281.0,0.0,8300786.0,7086128.0,7463651.0,8400333.0,9227519.0,8917893.0,7910586.0
2019-12-20 15:56:13.448378,8307153.0,8360629.0,0.0,8317054.0,6538154.0,7463690.0,8400376.0,9227666.0,8918103.0,7910497.0
2019-12-20 15:56:13.559088,8261949.0,8257016.0,0.0,8071626.0,6126185.0,7464257.0,8400246.0,9227724.0,8918067.0,7910536.0
2019-12-20 15:56:13.669781,8259460.0,8133570.0,0.0,7772875.0,6736592.0,7465208.0,8400531.0,9227839.0,8917853.0,7910817.0
2019-12-20 15:56:13.775953,7980274.0,7464783.0,0.0,7357750.0,6682858.0,7464252.0,8400418.0,9227580.0,8917766.0,7910964.0
2019-12-20 15:56:13.886496,8042907.0,7346518.0,0.0,7504273.0,7144717.0,7463256.0,8400542.0,9227407.0,8917859.0,7911018.0
2019-12-20 15:56:13.996673,8304543.0,8151336.0,0.0,7993554.0,7139742.0,7463153.0,8400531.0,9227553.0,8917854.0,7910986.0
2019-12-20 15:56:14.103158,8308993.0,8343000.0,0.0,8270381.0,7152553.0,7463341.0,8400462.0,9227641.0,8917767.0,7910859.0
2019-12-20 15:56:14.214030,8306674.0,8331907.0,0.0,8318222.0,7286018.0,7463363.0,8400341.0,9227560.0,8917733.0,7910937.0
2019-12-20 15:56:14.324326,8305171.0,8354439.0,0.0,8324415.0,7127500.0,7463244.0,8400483.0,9227617.0,8917809.0,7910930.0
2019-12-20 15:56:14.435608,8307463.0,8371281.0,0.0,8330181.0,5759680.0,7463305.0,8400389.0,9227610.0,8917778.0,7910783.0
2019-12-20 15:56:14.541335,8283688.0,8346573.0,0.0,8254454.0,6400459.0,7463445.0,8400359.0,9227755.0,8917898.0,7910662.0
2019-12-20 15:56:14.652096,8216754.0,8135561.0,0.0,7911660.0,6950284.0,7463727.0,8400369.0,9227795.0,8917924.0,7910730.0
2019-12-20 15:56:14.763028,8306516.0,8216737.0,0.0,7891837.0,6735646.0,7464303.0,8400466.0,9227929.0,8918077.0,7910691.0
2019-12-20 15:56:14.869236,8321166.0,8316307.0,0.0,8172905.0,6763688.0,7464358.0,8400423.0,9227973.0,8918076.0,7910627.0
2019-12-20 15:56:14.979938,8335217.0,8310611.0,0.0,8068768.0,6924949.0,7464026.0,8400292.0,9227873.0,8918033.0,7910623.0
2019-12-20 15:56:15.090246,8329805.0,8312471.0,0.0,8114940.0,6940584.0,7463584.0,8400542.0,9227746.0,8918061.0,7910574.0
2019-12-20 15:56:15.196858,8319559.0,8315710.0,0.0,8248271.0,6913611.0,7462441.0,8400395.0,9227608.0,8918021.0,7910633.0
2019-12-20 15:56:15.307678,8314600.0,8317537.0,0.0,8289703.0,6963921.0,7461099.0,8400365.0,9227286.0,8917855.0,7910799.0
2019-12-20 15:56:15.418586,8312332.0,8319769.0,0.0,8287175.0,6897645.0,7460194.0,8400312.0,9227158.0,8917774.0,7910972.0
2019-12-20 15:56:15.524444,8316371.0,8314284.0,0.0,8285560.0,6144434.0,7459069.0,8400215.0,9226566.0,8917643.0,7910901.0
2019-12-20 15:56:15.635741,8289982.0,8115786.0,0.0,8205449.0,7635260.0,7457793.0,8400274.0,9226211.0,8917426.0,7911041.0
2019-12-20 15:56:15.745843,7811140.0,6692475.0,0.0,6710128.0,16777215.0,7456632.0,8400434.0,9225827.0,8917154.0,7911073.0
2019-12-20 15:56:15.856834,6640650.0,2308821.0,0.0,3014299.0,5960731.0,7455933.0,8400608.0,9225728.0,8917180.0,7911105.0
2019-12-20 15:56:15.963153,6276575.0,0.0,4574964.0,1790899.0,6027183.0,7453986.0,8400861.0,9225403.0,8917132.0,7911040.0
2019-12-20 15:56:16.073552,7495889.0,4987389.0,0.0,6686611.0,6198840.0,7452455.0,8400538.0,9225050.0,8916916.0,7910845.0
2019-12-20 15:56:16.183992,8135364.0,7390952.0,0.0,7398579.0,7277943.0,7449848.0,8400470.0,9224347.0,8916541.0,7910905.0
2019-12-20 15:56:16.290754,7977972.0,7060598.0,0.0,7378068.0,9962704.0,7447891.0,8400519.0,9224029.0,8916391.0,7911245.0
2019-12-20 15:56:16.401751,7603951.0,6198958.0,0.0,7105537.0,16777215.0,7448032.0,8400437.0,9224248.0,8916455.0,7910995.0
2019-12-20 15:56:16.512152,7190358.0,3892001.0,0.0,5046196.0,7832707.0,7450982.0,8400691.0,9224674.0,8916454.0,7910928.0
2019-12-20 15:56:16.621797,7131060.0,2731503.0,0.0,5136967.0,6393763.0,7454044.0,8400889.0,9225187.0,8916439.0,7911267.0
2019-12-20 15:56:16.728881,7491070.0,5886100.0,0.0,6713139.0,6739888.0,7457483.0,8400662.0,9225938.0,8916463.0,7911458.0
2019-12-20 15:56:16.839735,7929095.0,7399635.0,0.0,7413344.0,7822420.0,7458077.0,8400536.0,9225748.0,8915934.0,7912313.0
2019-12-20 15:56:16.950474,7248830.0,6844544.0,0.0,6925525.0,9126850.0,7458842.0,8400663.0,9225428.0,8915302.0,7913597.0
2019-12-20 15:56:17.056873,7209658.0,5339666.0,0.0,6498268.0,3957776.0,7459869.0,8400744.0,9225058.0,8914136.0,7915834.0
2019-12-20 15:56:17.167137,7119250.0,5569175.0,0.0,6371991.0,5984169.0,7461687.0,8400783.0,9224349.0,8912471.0,7918184.0
2019-12-20 15:56:17.277744,7606537.0,6827504.0,0.0,7286251.0,6514871.0,7465376.0,8400597.0,9222214.0,8911038.0,7920105.0
2019-12-20 15:56:17.388589,8062351.0,7094450.0,0.0,7172723.0,10190383.0,7468204.0,8400468.0,9221405.0,8908148.0,7922225.0
2019-12-20 15:56:17.494473,7870122.0,6735688.0,0.0,6966181.0,16777215.0,7470421.0,8400565.0,9221007.0,8907338.0,7923731.0
2019-12-20 15:56:17.605048,7276834.0,6036691.0,0.0,6397297.0,6362548.0,7469725.0,8400512.0,9220616.0,8907167.0,7924128.0
2019-12-20 15:56:17.716133,7671240.0,5146125.0,0.0,6219119.0,6667032.0,7469291.0,8400733.0,9220645.0,8907513.0,7923732.0
2019-12-20 15:56:17.826092,7876766.0,6959016.0,0.0,7039024.0,6155580.0,7468942.0,8400472.0,9220995.0,8907899.0,7923210.0
2019-12-20 15:56:17.933042,8064427.0,7621684.0,0.0,7276614.0,6224544.0,7468191.0,8400536.0,9221427.0,8908929.0,7921975.0
2019-12-20 15:56:18.043220,8230493.0,7538809.0,0.0,7420283.0,6200355.0,7467813.0,8400555.0,9221493.0,8910549.0,7919531.0
2019-12-20 15:56:18.154310,8043439.0,7250997.0,0.0,7323935.0,6267345.0,7466792.0,8400505.0,9221038.0,8912132.0,7916697.0
2019-12-20 15:56:18.260448,8110741.0,7148348.0,0.0,7308089.0,8297093.0,7463222.0,8400578.0,9220763.0,8913605.0,7913979.0
2019-12-20 15:56:18.371345,7912352.0,7203256.0,0.0,7256759.0,7256330.0,7464647.0,8400481.0,9219704.0,8914306.0,7912280.0
2019-12-20 15:56:18.481527,7593542.0,6710211.0,0.0,6933107.0,8371186.0,7465160.0,8400484.0,9218924.0,8914024.0,7912141.0
2019-12-20 15:56:18.589034,7635693.0,6473653.0,0.0,6944899.0,7909625.0,7466778.0,8400745.0,9219438.0,8914129.0,7912178.0
2019-12-20 15:56:18.699104,7584897.0,6314930.0,0.0,6853414.0,8293655.0,7471673.0,8400619.0,9220672.0,8913516.0,7913774.0
2019-12-20 15:56:18.809385,7633172.0,6486271.0,0.0,6911443.0,8888241.0,7478840.0,8400492.0,9222537.0,8914772.0,7913547.0
2019-12-20 15:56:18.916511,7492479.0,6335243.0,0.0,6725093.0,9224056.0,7506470.0,8400536.0,9229306.0,8917761.0,7910884.0
2019-12-20 15:56:19.026981,7268571.0,6028777.0,0.0,6513884.0,16777215.0,7523260.0,8400715.0,9232305.0,8921329.0,7907753.0
2019-12-20 15:56:19.137226,5840874.0,4292542.0,0.0,3000596.0,16777215.0,7549554.0,8400599.0,9236979.0,8924654.0,7904991.0
2019-12-20 15:56:19.243909,5464970.0,0.0,8936527.0,0.0,16777215.0,7574742.0,8400550.0,9241633.0,8925730.0,7905061.0
2019-12-20 15:56:19.354622,6173485.0,2346246.0,1416644.0,692050.0,7351796.0,7592687.0,8400668.0,9245171.0,8927587.0,7903965.0
2019-12-20 15:56:19.464780,7081197.0,4525573.0,0.0,5434170.0,16777215.0,7601686.0,8400612.0,9251477.0,8929105.0,7902895.0
2019-12-20 15:56:19.575216,7037138.0,1674271.0,0.0,1967761.0,8336950.0,7614364.0,8400646.0,9259041.0,8934167.0,7897659.0
2019-12-20 15:56:19.690102,7079956.0,244126.0,3552752.0,3625096.0,7865161.0,7648117.0,8400935.0,9262088.0,8939195.0,7891965.0
2019-12-20 15:56:19.800305,7621961.0,5486347.0,0.0,6739334.0,8616479.0,7647767.0,8400909.0,9261299.0,8939720.0,7891331.0
2019-12-20 15:56:19.911790,7529472.0,6462426.0,0.0,6816162.0,16777215.0,7650412.0,8400675.0,9262174.0,8939285.0,7890834.0
2019-12-20 15:56:20.017983,6917737.0,618497.0,0.0,5387094.0,16777215.0,7657374.0,8400604.0,9269909.0,8945550.0,7884605.0
2019-12-20 15:56:20.124107,5693651.0,0.0,12393243.0,0.0,6505359.0,7667341.0,8400734.0,9272245.0,8950767.0,7878370.0
2019-12-20 15:56:20.230792,5779665.0,242844.0,8707175.0,0.0,6293455.0,7658370.0,8400871.0,9261849.0,8949122.0,7880056.0
2019-12-20 15:56:20.341023,8292089.0,7202167.0,0.0,7648742.0,7733736.0,7621307.0,8400713.0,9255355.0,8946433.0,7883078.0
2019-12-20 15:56:20.448073,8349228.0,8086150.0,0.0,8050056.0,8402880.0,7610240.0,8400876.0,9254889.0,8945935.0,7883488.0
2019-12-20 15:56:20.567009,8369133.0,8311919.0,7225914.0,8360132.0,7433946.0,7611529.0,8400838.0,9256939.0,8946330.0,7882453.0
2019-12-20 15:56:20.681682,8370279.0,8394346.0,6173157.0,8392066.0,8276292.0,7611880.0,8399977.0,9257969.0,8946774.0,7881981.0
2019-12-20 15:56:20.796274,8351218.0,8396060.0,5381309.0,8390463.0,8233135.0,7612374.0,8400518.0,9260060.0,8946689.0,7882729.0
2019-12-20 15:56:20.911010,8330051.0,8393795.0,7878193.0,8387885.0,7521783.0,7613473.0,8399998.0,9262014.0,8946368.0,7883348.0
2019-12-20 15:56:21.029380,8247116.0,8390210.0,1933240.0,8333622.0,7673017.0,7616454.0,8399578.0,9268140.0,8946789.0,7883357.0
2019-12-20 15:56:21.144350,8269923.0,8391660.0,5007686.0,8357881.0,7563456.0,7620498.0,8400497.0,9273132.0,8946903.0,7883221.0
2019-12-20 15:56:21.259106,8326731.0,8385198.0,2120101.0,8357974.0,7707284.0,7623170.0,8400284.0,9274741.0,8946860.0,7883656.0
2019-12-20 15:56:21.373907,8339545.0,8386348.0,1225552.0,8361680.0,7719317.0,7623656.0,8400287.0,9274676.0,8946642.0,7884014.0
2019-12-20 15:56:21.488451,8340379.0,8387360.0,4347255.0,8385781.0,7635739.0,7623721.0,8400341.0,9274488.0,8946476.0,7884297.0
2019-12-20 15:56:21.607314,8344360.0,8388204.0,6935757.0,8384453.0,7737874.0,7623945.0,8400274.0,9274369.0,8946367.0,7884470.0
2019-12-20 15:56:21.721700,8329404.0,8385950.0,6694781.0,8376005.0,8158241.0,7623989.0,8400457.0,9274358.0,8946290.0,7884580.0
2019-12-20 15:56:21.836734,8333115.0,8388143.0,6631838.0,8382503.0,8433867.0,7624113.0,8400703.0,9274291.0,8946063.0,7884705.0
2019-12-20 15:56:21.951070,8333015.0,8391325.0,6956168.0,8401036.0,8077898.0,7624263.0,8400451.0,9274564.0,8946047.0,7884847.0
2019-12-20 15:56:22.065840,8349629.0,8394423.0,8193947.0,8396871.0,7984511.0,7624310.0,8399643.0,9274319.0,8946010.0,7885038.0
2019-12-20 15:56:22.184032,8379680.0,8399163.0,7822959.0,8392458.0,6649607.0,7624283.0,8399872.0,9274163.0,8946044.0,7885160.0
2019-12-20 15:56:22.299502,8353948.0,8394608.0,6128186.0,8382396.0,6252436.0,7624293.0,8400142.0,9274057.0,8946083.0,7885230.0
2019-12-20 15:56:22.414044,8336758.0,8390262.0,3470652.0,8367161.0,8429213.0,7624425.0,8400267.0,9273957.0,8946059.0,7885367.0
2019-12-20 15:56:22.528276,8329054.0,8388505.0,6828994.0,8389288.0,8283621.0,7624459.0,8400756.0,9274229.0,8946046.0,7885436.0
2019-12-20 15:56:22.643023,8329792.0,8392531.0,8255368.0,8399748.0,6233810.0,7624516.0,8399759.0,9274146.0,8946033.0,7885380.0
2019-12-20 15:56:22.761760,8083477.0,8396086.0,6027477.0,8352937.0,1640298.0,7624618.0,8399738.0,9273849.0,8946237.0,7885507.0
2019-12-20 15:56:22.868555,7207711.0,8279796.0,0.0,7713453.0,8461484.0,7624594.0,8401086.0,9273684.0,8946248.0,7885702.0
2019-12-20 15:56:22.983263,7874652.0,8333820.0,5769445.0,7695800.0,8466971.0,7624668.0,8401200.0,9274164.0,8946079.0,7885725.0
2019-12-20 15:56:23.101832,8174949.0,8364769.0,7664961.0,8422676.0,8456725.0,7624821.0,8400059.0,9274366.0,8945963.0,7885577.0
2019-12-20 15:56:23.216460,8046485.0,8346088.0,7319735.0,8429688.0,8442150.0,7625115.0,8399854.0,9274568.0,8945907.0,7885509.0
2019-12-20 15:56:23.331668,8150901.0,8366208.0,7540121.0,8422421.0,8469085.0,7625100.0,8399442.0,9274547.0,8946122.0,7885620.0
2019-12-20 15:56:23.446397,8134416.0,8355708.0,7500808.0,8418763.0,8462255.0,7625270.0,8400046.0,9274607.0,8946287.0,7885640.0
2019-12-20 15:56:23.560731,8024174.0,8343824.0,7317708.0,8430313.0,8465422.0,7625455.0,8399648.0,9274782.0,8946534.0,7885583.0
2019-12-20 15:56:23.679874,8033971.0,8345697.0,7361900.0,8429945.0,8462896.0,7625475.0,8399557.0,9274500.0,8946659.0,7885678.0
2019-12-20 15:56:23.793986,8035462.0,8345378.0,7354218.0,8430066.0,8465569.0,7625482.0,8399465.0,9274423.0,8946761.0,7885833.0
2019-12-20 15:56:23.909162,8030082.0,8344686.0,7338225.0,8430204.0,8459383.0,7625540.0,8399543.0,9274385.0,8946849.0,7885908.0
2019-12-20 15:56:24.023175,8040550.0,8349101.0,7432924.0,8426142.0,8459054.0,7625579.0,8399303.0,9274507.0,8947036.0,7886113.0
2019-12-20 15:56:24.138422,8123244.0,8356465.0,7587412.0,8422964.0,8458346.0,7625495.0,8399433.0,9274216.0,8947247.0,7886248.0
2019-12-20 15:56:24.257025,8130172.0,8360227.0,7653617.0,8422136.0,8457054.0,7625419.0,8399513.0,9274080.0,8947443.0,7886292.0
2019-12-20 15:56:24.371845,8121627.0,8358790.0,7634724.0,8422841.0,8457993.0,7625390.0,8399710.0,9274090.0,8947799.0,7886325.0
2019-12-20 15:56:24.486822,8129172.0,8359579.0,7652914.0,8422498.0,8458281.0,7625424.0,8399764.0,9274106.0,8947926.0,7886437.0
2019-12-20 15:56:24.601429,8137883.0,8360784.0,7675489.0,8421723.0,8459533.0,7625387.0,8399602.0,9273989.0,8948078.0,7886629.0
2019-12-20 15:56:24.715412,8120260.0,8360531.0,7573662.0,8423190.0,8457854.0,7625333.0,8399734.0,9273973.0,8948229.0,7886785.0
2019-12-20 15:56:24.834534,8090219.0,8354577.0,7541032.0,8425385.0,8460994.0,7625425.0,8399677.0,9273847.0,8948268.0,7886751.0
2019-12-20 15:56:24.949102,8132831.0,8359765.0,7644479.0,8423545.0,8458820.0,7625479.0,8399679.0,9273670.0,8948474.0,7886979.0
2019-12-20 15:56:25.063514,8126634.0,8359627.0,7662870.0,8422407.0,8462760.0,7625448.0,8399686.0,9273649.0,8948690.0,7887067.0
2019-12-20 15:56:25.178802,8118818.0,8359039.0,7576061.0,8423752.0,8459439.0,7625378.0,8399770.0,9273580.0,8949049.0,7887038.0
2019-12-20 15:56:25.293025,8091736.0,8352921.0,7527286.0,8425644.0,8461802.0,7625366.0,8399691.0,9273647.0,8949115.0,7887108.0
2019-12-20 15:56:25.411917,8091117.0,8353244.0,7533780.0,8425494.0,8459782.0,7625513.0,8399534.0,9273795.0,8949191.0,7887120.0
2019-12-20 15:56:25.526826,8084466.0,8352439.0,7499093.0,8426442.0,8462455.0,7625532.0,8399578.0,9273654.0,8949379.0,7887159.0
2019-12-20 15:56:25.641567,8077443.0,8351228.0,7482875.0,8426855.0,8461049.0,7625505.0,8399583.0,9273595.0,8949611.0,7887154.0
2019-12-20 15:56:25.756032,8062044.0,8348760.0,7463141.0,8427130.0,8462686.0,7625491.0,8399581.0,9273576.0,8949768.0,7887258.0
2019-12-20 15:56:25.870371,8051328.0,8346767.0,7413226.0,8428439.0,8462211.0,7625505.0,8399497.0,9273580.0,8950066.0,7887319.0
2019-12-20 15:56:25.989291,8048583.0,8346282.0,7385128.0,8429252.0,8465246.0,7625518.0,8399532.0,9273464.0,8950178.0,7887421.0
2019-12-20 15:56:26.104126,8044087.0,8345462.0,7374270.0,8429554.0,8461599.0,7625458.0,8399554.0,9273456.0,8950342.0,7887557.0
2019-12-20 15:56:26.219205,8041863.0,8345018.0,7368327.0,8429669.0,8463273.0,7625394.0,8399516.0,9273396.0,8950469.0,7887668.0
2019-12-20 15:56:26.333455,8045235.0,8345427.0,7378978.0,8429447.0,8461122.0,7625371.0,8399402.0,9273324.0,8950600.0,7887728.0
2019-12-20 15:56:26.448537,8047510.0,8345807.0,7408030.0,8428465.0,8458106.0,7625448.0,8399635.0,9273267.0,8950835.0,7887753.0
2019-12-20 15:56:26.567368,8062287.0,8348686.0,7516470.0,8425217.0,8464112.0,7625270.0,8399418.0,9273113.0,8950925.0,7887900.0
2019-12-20 15:56:26.681203,8213117.0,8372340.0,7857592.0,8415955.0,8454559.0,7625129.0,8399438.0,9272828.0,8951259.0,7888072.0
2019-12-20 15:56:26.796387,8135876.0,8357651.0,7824249.0,8418103.0,8469582.0,7625014.0,8399864.0,9272887.0,8951234.0,7888192.0
2019-12-20 15:56:26.911312,8011729.0,8335753.0,6989090.0,8438123.0,8468709.0,7625171.0,8399700.0,9273100.0,8951257.0,7888205.0
2019-12-20 15:56:27.026075,7916401.0,8321110.0,6879436.0,8439156.0,8466867.0,7625405.0,8399291.0,9273019.0,8951375.0,7888191.0
2019-12-20 15:56:27.144826,7985997.0,8328263.0,7094713.0,8434517.0,8459038.0,7625384.0,8399351.0,9273061.0,8951489.0,7888231.0
2019-12-20 15:56:27.258937,8055698.0,8350745.0,7303487.0,8429655.0,8455711.0,7625250.0,8399286.0,9272764.0,8951706.0,7888465.0
2019-12-20 15:56:27.374109,8124907.0,8360449.0,7724689.0,8423698.0,8456678.0,7625278.0,8399389.0,9272628.0,8951970.0,7888611.0
2019-12-20 15:56:27.488987,8225106.0,8370434.0,7930146.0,8413518.0,8439550.0,7626170.0,8399260.0,9272377.0,8950987.0,7889445.0
2019-12-20 15:56:27.603048,8210439.0,8374126.0,7924739.0,8414039.0,8473055.0,7628961.0,8399234.0,9272149.0,8949217.0,7890994.0
2019-12-20 15:56:27.721922,8206608.0,8356508.0,7364641.0,8411627.0,8465923.0,7628553.0,8400238.0,9269121.0,8944486.0,7894533.0
2019-12-20 15:56:27.836420,7906370.0,8314083.0,6656735.0,8433400.0,8462962.0,7624494.0,8400157.0,9266080.0,8936289.0,7913009.0
2019-12-20 15:56:27.951633,8007499.0,8329266.0,7093136.0,8431688.0,8456650.0,7615275.0,8399078.0,9261590.0,8925027.0,7924429.0
2019-12-20 15:56:28.066033,8102162.0,8346989.0,7439985.0,8424154.0,8454548.0,7609388.0,8399400.0,9259751.0,8919422.0,7928349.0
2019-12-20 15:56:28.180848,8172011.0,8367710.0,7835847.0,8418362.0,8456466.0,7610998.0,8399583.0,9259110.0,8917787.0,7930382.0
2019-12-20 15:56:28.299832,8184089.0,8368217.0,7846418.0,8417406.0,8451630.0,7609219.0,8399633.0,9258835.0,8915823.0,7931734.0
2019-12-20 15:56:28.413910,8185752.0,8368016.0,7850375.0,8416922.0,8455332.0,7611387.0,8399904.0,9258645.0,8913320.0,7934260.0
2019-12-20 15:56:28.529204,8188926.0,8368553.0,7860174.0,8416481.0,8453404.0,7611134.0,8399846.0,9257247.0,8911709.0,7936773.0
2019-12-20 15:56:28.643315,8191270.0,8369364.0,7875475.0,8416368.0,8454785.0,7612130.0,8399648.0,9257116.0,8910906.0,7938093.0
2019-12-20 15:56:28.758553,8192620.0,8369653.0,7880193.0,8416193.0,8451571.0,7612922.0,8399572.0,9255919.0,8909984.0,7939993.0
2019-12-20 15:56:28.876912,8192725.0,8369990.0,7884038.0,8415946.0,8454216.0,7610010.0,8399705.0,9255455.0,8911551.0,7935223.0
2019-12-20 15:56:28.991893,8193615.0,8370214.0,7886680.0,8415847.0,8451839.0,7604573.0,8399665.0,9256657.0,8915933.0,7931110.0
2019-12-20 15:56:29.106531,8194446.0,8370314.0,7890773.0,8415719.0,8454867.0,7602171.0,8399670.0,9256307.0,8918625.0,7930279.0
2019-12-20 15:56:29.221124,8194680.0,8370597.0,7891358.0,8415710.0,8451646.0,7593108.0,8399637.0,9255441.0,8920259.0,7929137.0
2019-12-20 15:56:29.336403,8195341.0,8370404.0,7892187.0,8415738.0,8453416.0,7599295.0,8399663.0,9256885.0,8925983.0,7924113.0
2019-12-20 15:56:29.454322,8196687.0,8370301.0,7893868.0,8415790.0,8451843.0,7620178.0,8399855.0,9267722.0,8934263.0,7915066.0
2019-12-20 15:56:29.569543,8198610.0,8370039.0,7899352.0,8415601.0,8454831.0,7643228.0,8399776.0,9272274.0,8942783.0,7904846.0
2019-12-20 15:56:29.683460,8199477.0,8369646.0,7898815.0,8415720.0,8452218.0,7657281.0,8399664.0,9275464.0,8949030.0,7890207.0
2019-12-20 15:56:29.798637,8200992.0,8370035.0,7901303.0,8415623.0,8453941.0,7676914.0,8399761.0,9278296.0,8954321.0,7885191.0
2019-12-20 15:56:29.912998,8204507.0,8370905.0,7922658.0,8415125.0,8450942.0,7676862.0,8399761.0,9278992.0,8957587.0,7884765.0
2019-12-20 15:56:30.031480,8206872.0,8371582.0,7926133.0,8414882.0,8453699.0,7652812.0,8399757.0,9273308.0,8953480.0,7888866.0
2019-12-20 15:56:30.146681,8208609.0,8373830.0,7928765.0,8414813.0,8451090.0,7622693.0,8399727.0,9268731.0,8950434.0,7892526.0
2019-12-20 15:56:30.261462,8209252.0,8374174.0,7931030.0,8414737.0,8453746.0,7612087.0,8399767.0,9266431.0,8948240.0,7895270.0
2019-12-20 15:56:30.376558,8209906.0,8374199.0,7933650.0,8414509.0,8451394.0,7609151.0,8399661.0,9266234.0,8947348.0,7896746.0
2019-12-20 15:56:30.490866,8210383.0,8374233.0,7932903.0,8414525.0,8453350.0,7608652.0,8399635.0,9266177.0,8947304.0,7896975.0
2019-12-20 15:56:30.609866,8210848.0,8374461.0,7933691.0,8414556.0,8451032.0,7608310.0,8399823.0,9266117.0,8947326.0,7897103.0
2019-12-20 15:56:30.724306,8212063.0,8374644.0,7937885.0,8414359.0,8453453.0,7608084.0,8399923.0,9265958.0,8947385.0,7897088.0
2019-12-20 15:56:30.839294,8212706.0,8374743.0,7941680.0,8414304.0,8449923.0,7607998.0,8399853.0,9266051.0,8947405.0,7897123.0
2019-12-20 15:56:30.953992,8213239.0,8374747.0,7942208.0,8414279.0,8453099.0,7608009.0,8399748.0,9265989.0,8947489.0,7897168.0
2019-12-20 15:56:31.068022,8213652.0,8374616.0,7942593.0,8414353.0,8450575.0,7607924.0,8399697.0,9265940.0,8947489.0,7897195.0
2019-12-20 15:56:31.187263,8214166.0,8374978.0,7944202.0,8414102.0,8454234.0,7607846.0,8399702.0,9265907.0,8947455.0,7897283.0
2019-12-20 15:56:31.302050,8214854.0,8375173.0,7949250.0,8414068.0,8449990.0,7607592.0,8399506.0,9265799.0,8947499.0,7897342.0
2019-12-20 15:56:31.416010,8216129.0,8375069.0,7951421.0,8414209.0,8451915.0,7607692.0,8399502.0,9265805.0,8947475.0,7897351.0
2019-12-20 15:56:31.531141,8216478.0,8375153.0,7952769.0,8414076.0,8450125.0,7607589.0,8399493.0,9265685.0,8947658.0,7897353.0
2019-12-20 15:56:31.645682,8217111.0,8375273.0,7954140.0,8413867.0,8453222.0,7607652.0,8399698.0,9265672.0,8947706.0,7897414.0
2019-12-20 15:56:31.764505,8217628.0,8375448.0,7956790.0,8413924.0,8449993.0,7607599.0,8399729.0,9265705.0,8947783.0,7897423.0
2019-12-20 15:56:31.879295,8216922.0,8375309.0,7955691.0,8413930.0,8453171.0,7607567.0,8399796.0,9265767.0,8947889.0,7897342.0
2019-12-20 15:56:31.994387,8214100.0,8375193.0,7948483.0,8414148.0,8451043.0,7607484.0,8399665.0,9265660.0,8947957.0,7897342.0
2019-12-20 15:56:32.109025,8212083.0,8374321.0,7935716.0,8414231.0,8453936.0,7607556.0,8399788.0,9265719.0,8947964.0,7897336.0
2019-12-20 15:56:32.223261,8211064.0,8374233.0,7933555.0,8414544.0,8451316.0,7607633.0,8399712.0,9265671.0,8948084.0,7897254.0
2019-12-20 15:56:32.342243,8210636.0,8374494.0,7933761.0,8414465.0,8452710.0,7607622.0,8399813.0,9265689.0,8948191.0,7897233.0
2019-12-20 15:56:32.457201,8210912.0,8374348.0,7934207.0,8414383.0,8450121.0,7607564.0,8399688.0,9265035.0,8947674.0,7898220.0
2019-12-20 15:56:32.571122,8211629.0,8374404.0,7937526.0,8414371.0,8452961.0,7606975.0,8399534.0,9265059.0,8947317.0,7898664.0
2019-12-20 15:56:32.685797,8212988.0,8374320.0,7940545.0,8414204.0,8450906.0,7608798.0,8399633.0,9265141.0,8946664.0,7899951.0
2019-12-20 15:56:32.800578,8213411.0,8374215.0,7943797.0,8414227.0,8453213.0,7608046.0,8399812.0,9264258.0,8945301.0,7901951.0
2019-12-20 15:56:32.919899,8213352.0,8374129.0,7944965.0,8414213.0,8449623.0,7605364.0,8399770.0,9262871.0,8943383.0,7904238.0
2019-12-20 15:56:33.033964,8213384.0,8374085.0,7944541.0,8414073.0,8452873.0,7610546.0,8399682.0,9266822.0,8944016.0,7901820.0
2019-12-20 15:56:33.149253,8213701.0,8374037.0,7944568.0,8414038.0,8450964.0,7618755.0,8399649.0,9272045.0,8955554.0,7895076.0
2019-12-20 15:56:33.263691,8213908.0,8373811.0,7945074.0,8414129.0,8453235.0,7628868.0,8399653.0,9277767.0,8960413.0,7888214.0
2019-12-20 15:56:33.378186,8214098.0,8374144.0,7945130.0,8414139.0,8449423.0,7636959.0,8399583.0,9283385.0,8962588.0,7883723.0
2019-12-20 15:56:33.497394,8215135.0,8375595.0,7947660.0,8413975.0,8452558.0,7644602.0,8399659.0,9284399.0,8961527.0,7884763.0
2019-12-20 15:56:33.611612,8219909.0,8381878.0,7951080.0,8413973.0,8449911.0,7662571.0,8399655.0,9285323.0,8960867.0,7885815.0
2019-12-20 15:56:33.726256,8220557.0,8382324.0,7953351.0,8413815.0,8452522.0,7664924.0,8399618.0,9285746.0,8960019.0,7887048.0
2019-12-20 15:56:33.841799,8221207.0,8382840.0,7954884.0,8413643.0,8449835.0,7667154.0,8399586.0,9287665.0,8959452.0,7888101.0
2019-12-20 15:56:33.956117,8221457.0,8383274.0,7955715.0,8413712.0,8451494.0,7668349.0,8399511.0,9287749.0,8957730.0,7889110.0
2019-12-20 15:56:34.074135,8222617.0,8383652.0,7958428.0,8413805.0,8448312.0,7668605.0,8399591.0,9286618.0,8955766.0,7890819.0
2019-12-20 15:56:34.189292,8226302.0,8383028.0,7968408.0,8413364.0,8450263.0,7643410.0,8399671.0,9282298.0,8952267.0,7893404.0
2019-12-20 15:56:34.304273,8231748.0,8379996.0,7995178.0,8412396.0,8448049.0,7598482.0,8399688.0,9261263.0,8945912.0,7898494.0
2019-12-20 15:56:34.418526,8234775.0,8378102.0,8028532.0,8411943.0,8450474.0,7569739.0,8399710.0,9255874.0,8941076.0,7908373.0
2019-12-20 15:56:34.533630,8237236.0,8382710.0,8030528.0,8411680.0,8447239.0,7553839.0,8399576.0,9252393.0,8938129.0,7910442.0
2019-12-20 15:56:34.651851,8238784.0,8383482.0,8031235.0,8411556.0,8450301.0,7538145.0,8399654.0,9250279.0,8936656.0,7910975.0
2019-12-20 15:56:34.767107,8239154.0,8383306.0,8032158.0,8411545.0,8448048.0,7537170.0,8399796.0,9250214.0,8936505.0,7911001.0
2019-12-20 15:56:34.881449,8239970.0,8383200.0,8034604.0,8411607.0,8450412.0,7536386.0,8399728.0,9250047.0,8936477.0,7910948.0
2019-12-20 15:56:34.996458,8240416.0,8383470.0,8037096.0,8411564.0,8446954.0,7535824.0,8399619.0,9249837.0,8936450.0,7910984.0
2019-12-20 15:56:35.111102,8240843.0,8383531.0,8039055.0,8411598.0,8449520.0,7535451.0,8399704.0,9249688.0,8936498.0,7911084.0
2019-12-20 15:56:35.229951,8241357.0,8383490.0,8042494.0,8411442.0,8447820.0,7534700.0,8399629.0,9249621.0,8936574.0,7911125.0
2019-12-20 15:56:35.344231,8242534.0,8383891.0,8043951.0,8411429.0,8450190.0,7534319.0,8399610.0,9249618.0,8936514.0,7911113.0
2019-12-20 15:56:35.458789,8242688.0,8383900.0,8044316.0,8411421.0,8447226.0,7534137.0,8399812.0,9249478.0,8936553.0,7911202.0
2019-12-20 15:56:35.573753,8242806.0,8384028.0,8044520.0,8411423.0,8448454.0,7533945.0,8399675.0,9249438.0,8936619.0,7911216.0
2019-12-20 15:56:35.688657,8243156.0,8384133.0,8046535.0,8411329.0,8449234.0,7533621.0,8399651.0,9249452.0,8936574.0,7911367.0
2019-12-20 15:56:35.807476,8243721.0,8384274.0,8047885.0,8411501.0,8449415.0,7533103.0,8399586.0,9249411.0,8936590.0,7911415.0
2019-12-20 15:56:35.921794,8243706.0,8384137.0,8047930.0,8411213.0,8447646.0,7532970.0,8399702.0,9249302.0,8936619.0,7911483.0
2019-12-20 15:56:36.036795,8244408.0,8384098.0,8049785.0,8411364.0,8448340.0,7532782.0,8399815.0,9249175.0,8936624.0,7911568.0
2019-12-20 15:56:36.150797,8244597.0,8384006.0,8050048.0,8411175.0,8448348.0,7532582.0,8399839.0,9249132.0,8936627.0,7911553.0
2019-12-20 15:56:36.266206,8244991.0,8383994.0,8051454.0,8411184.0,8449871.0,7532476.0,8399770.0,9249248.0,8936677.0,7911544.0
2019-12-20 15:56:36.384614,8245566.0,8384539.0,8052972.0,8411477.0,8448160.0,7532212.0,8399681.0,9249195.0,8936590.0,7911576.0
2019-12-20 15:56:36.499159,8245939.0,8384259.0,8054089.0,8411237.0,8447277.0,7532046.0,8399662.0,9249218.0,8936719.0,7911557.0
2019-12-20 15:56:36.614156,8245833.0,8384111.0,8054055.0,8411176.0,8446237.0,7532003.0,8399823.0,9249188.0,8936719.0,7911547.0
2019-12-20 15:56:36.729026,8245690.0,8384174.0,8053519.0,8411076.0,8448971.0,7531776.0,8399918.0,9249071.0,8936752.0,7911555.0
2019-12-20 15:56:36.842951,8246068.0,8384033.0,8053933.0,8411057.0,8448261.0,7531510.0,8399746.0,9249090.0,8936759.0,7911459.0
2019-12-20 15:56:36.961856,8246350.0,8384246.0,8054842.0,8411103.0,8447310.0,7531274.0,8399609.0,9249010.0,8936640.0,7911509.0
2019-12-20 15:56:37.076699,8246163.0,8384048.0,8054737.0,8411118.0,8446950.0,7531206.0,8399751.0,9248973.0,8936681.0,7911546.0
2019-12-20 15:56:37.191113,8246826.0,8384285.0,8056362.0,8411091.0,8448050.0,7531138.0,8399732.0,9248970.0,8936715.0,7911733.0
2019-12-20 15:56:37.305965,8247360.0,8384364.0,8057971.0,8411023.0,8449093.0,7531031.0,8399787.0,9248903.0,8936702.0,7911736.0
2019-12-20 15:56:37.420517,8247794.0,8384443.0,8059394.0,8410964.0,8446514.0,7530797.0,8399817.0,9248952.0,8936771.0,7911747.0
2019-12-20 15:56:37.539490,8247754.0,8384639.0,8059316.0,8410786.0,8447050.0,7530775.0,8399912.0,9248879.0,8936744.0,7911802.0
2019-12-20 15:56:37.654657,8247974.0,8384532.0,8059724.0,8410592.0,8446815.0,7530771.0,8399838.0,9248898.0,8936728.0,7911845.0
2019-12-20 15:56:37.769277,8247953.0,8384364.0,8059869.0,8410722.0,8448983.0,7530654.0,8399814.0,9248813.0,8936796.0,7911844.0
2019-12-20 15:56:37.883755,8247898.0,8384523.0,8059909.0,8410840.0,8448661.0,7530581.0,8399706.0,9248870.0,8936816.0,7911846.0
2019-12-20 15:56:37.998115,8248438.0,8384285.0,8061544.0,8411097.0,8447635.0,7529861.0,8399699.0,9248735.0,8936277.0,7912089.0
2019-12-20 15:56:38.117037,8248550.0,8384468.0,8062414.0,8410947.0,8446108.0,7529614.0,8399734.0,9248408.0,8935875.0,7912960.0
2019-12-20 15:56:38.231710,8249061.0,8384710.0,8063918.0,8410694.0,8447839.0,7528814.0,8399697.0,9247850.0,8935777.0,7913172.0
2019-12-20 15:56:38.346149,8249245.0,8384740.0,8064341.0,8410960.0,8448323.0,7527869.0,8399880.0,9247477.0,8935537.0,7913480.0
2019-12-20 15:56:38.461604,8249419.0,8384643.0,8065953.0,8410901.0,8448017.0,7526908.0,8399884.0,9247104.0,8935271.0,7913842.0
2019-12-20 15:56:38.580184,8249136.0,8384400.0,8066140.0,8410846.0,8446571.0,7522201.0,8399846.0,9246359.0,8934590.0,7914781.0
2019-12-20 15:56:38.694632,8248143.0,8383407.0,8065231.0,8410872.0,8449581.0,7520578.0,8399696.0,9244903.0,8933782.0,7915832.0
2019-12-20 15:56:38.809682,8247111.0,8382905.0,8064218.0,8410632.0,8448145.0,7518408.0,8399731.0,9244316.0,8933058.0,7916451.0
2019-12-20 15:56:38.924081,8247183.0,8383079.0,8064262.0,8410630.0,8448868.0,7518892.0,8399793.0,9244998.0,8933372.0,7916362.0
2019-12-20 15:56:39.038519,8245750.0,8381428.0,8063287.0,8410891.0,8446655.0,7522318.0,8399777.0,9245429.0,8933533.0,7916125.0
2019-12-20 15:56:39.157372,8242914.0,8380012.0,8061131.0,8410829.0,8450088.0,7522604.0,8399698.0,9244430.0,8933940.0,7914552.0
2019-12-20 15:56:39.272057,8240739.0,8379439.0,8062105.0,8410964.0,8447929.0,7523853.0,8399604.0,9243861.0,8934001.0,7914573.0
2019-12-20 15:56:39.387118,8239255.0,8378758.0,8062360.0,8411035.0,8449935.0,7523618.0,8399782.0,9242775.0,8933425.0,7915055.0
2019-12-20 15:56:39.501097,8238249.0,8377276.0,8063706.0,8410868.0,8446124.0,7522659.0,8399707.0,9240299.0,8932932.0,7915576.0
2019-12-20 15:56:39.616529,8236478.0,8375826.0,8064330.0,8410766.0,8447682.0,7518522.0,8399771.0,9238555.0,8930451.0,7917042.0
2019-12-20 15:56:39.734701,8232351.0,8374608.0,8064357.0,8410830.0,8446860.0,7515427.0,8399813.0,9237018.0,8929196.0,7918542.0
2019-12-20 15:56:39.849365,8230578.0,8373612.0,8064108.0,8410902.0,8448111.0,7514633.0,8399688.0,9235118.0,8930298.0,7919379.0
2019-12-20 15:56:39.964159,8227735.0,8369887.0,8064841.0,8410496.0,8445390.0,7542617.0,8399740.0,9227079.0,8931015.0,7918195.0
2019-12-20 15:56:40.079105,8224896.0,8367082.0,8069255.0,8410182.0,8446616.0,7611601.0,8399737.0,9224903.0,8929339.0,7913073.0
2019-12-20 15:56:40.193792,8220251.0,8364943.0,8082577.0,8410237.0,8445402.0,7708479.0,8399645.0,9223035.0,8930473.0,7905806.0
2019-12-20 15:56:40.312980,8219946.0,8364198.0,8088491.0,8410033.0,8447267.0,7732251.0,8399744.0,9222141.0,8934356.0,7898173.0
2019-12-20 15:56:40.426948,8220075.0,8363050.0,8092258.0,8410261.0,8445926.0,7758138.0,8399828.0,9227296.0,8942565.0,7893470.0
2019-12-20 15:56:40.541622,8220745.0,8363107.0,8089783.0,8410434.0,8446885.0,7768636.0,8399732.0,9230094.0,8944225.0,7892230.0
2019-12-20 15:56:40.656189,8220882.0,8363089.0,8084427.0,8410219.0,8445660.0,7766826.0,8399693.0,9235003.0,8945022.0,7893334.0
2019-12-20 15:56:40.770938,8221441.0,8363613.0,8071022.0,8410377.0,8449229.0,7738674.0,8399609.0,9250025.0,8946301.0,7895094.0
2019-12-20 15:56:40.890243,8222766.0,8364397.0,8057470.0,8410736.0,8447332.0,7677387.0,8399630.0,9276196.0,8949817.0,7895572.0
2019-12-20 15:56:41.004085,8223435.0,8365364.0,8055078.0,8410983.0,8449403.0,7628795.0,8399654.0,9274855.0,8954865.0,7889918.0
2019-12-20 15:56:41.119532,8223632.0,8365674.0,8054837.0,8410951.0,8446442.0,7618253.0,8399636.0,9275891.0,8958692.0,7886519.0
2019-12-20 15:56:41.233624,8225432.0,8366585.0,8054370.0,8410596.0,8448689.0,7620865.0,8399772.0,9280974.0,8963784.0,7884390.0
2019-12-20 15:56:41.348953,8226577.0,8367793.0,8052919.0,8410707.0,8448755.0,7622171.0,8399782.0,9289720.0,8962508.0,7885637.0
2019-12-20 15:56:41.467759,8226800.0,8368169.0,8053070.0,8410832.0,8449795.0,7621149.0,8399757.0,9285505.0,8964457.0,7884545.0
2019-12-20 15:56:41.581721,8227934.0,8367774.0,8058507.0,8410936.0,8446613.0,7614595.0,8399779.0,9268915.0,8966697.0,7881947.0
2019-12-20 15:56:41.696657,8228174.0,8367529.0,8058956.0,8410950.0,8447465.0,7599946.0,8399868.0,9259120.0,8964578.0,7884219.0
2019-12-20 15:56:41.811080,8227251.0,8367029.0,8056175.0,8410896.0,8447358.0,7588206.0,8399803.0,9261118.0,8963061.0,7884942.0
2019-12-20 15:56:41.926231,8225637.0,8366471.0,8049624.0,8411090.0,8450059.0,7592084.0,8399713.0,9264788.0,8958097.0,7892960.0
2019-12-20 15:56:42.044553,8224032.0,8366323.0,8044276.0,8411332.0,8447146.0,7597586.0,8399742.0,9270481.0,8957805.0,7891680.0
2019-12-20 15:56:42.159769,8223686.0,8366530.0,8043375.0,8411204.0,8448676.0,7602756.0,8399781.0,9274435.0,8963669.0,7886829.0
2019-12-20 15:56:42.274913,8223678.0,8366859.0,8043608.0,8411087.0,8446334.0,7602264.0,8399743.0,9269806.0,8966898.0,7883009.0
2019-12-20 15:56:42.389166,8223065.0,8367097.0,8040974.0,8411103.0,8450408.0,7603280.0,8399638.0,9270147.0,8967227.0,7882772.0
2019-12-20 15:56:42.503427,8225574.0,8370746.0,8041434.0,8411078.0,8449246.0,7616402.0,8399837.0,9275364.0,8971646.0,7879172.0
2019-12-20 15:56:42.622697,8225961.0,8371754.0,8039503.0,8411179.0,8447199.0,7624054.0,8399898.0,9278880.0,8972708.0,7878795.0
2019-12-20 15:56:42.736912,8225793.0,8372605.0,8037658.0,8411187.0,8447529.0,7628471.0,8399774.0,9281237.0,8975033.0,7877151.0
2019-12-20 15:56:42.852118,8229103.0,8375306.0,8039870.0,8411132.0,8448837.0,7646987.0,8399758.0,9281661.0,8975584.0,7877677.0
2019-12-20 15:56:42.966495,8229604.0,8377250.0,8040401.0,8411158.0,8448935.0,7649428.0,8399717.0,9280419.0,8977196.0,7876269.0
2019-12-20 15:56:43.081295,8231504.0,8382678.0,8039859.0,8411268.0,8446508.0,7675282.0,8399712.0,9294045.0,8980633.0,7873622.0
2019-12-20 15:56:43.199845,8238447.0,8389877.0,8039305.0,8411241.0,8447461.0,7710683.0,8399835.0,9296523.0,8976691.0,7877621.0
2019-12-20 15:56:43.314841,8239063.0,8391847.0,8039478.0,8411220.0,8448344.0,7718792.0,8399946.0,9295477.0,8974540.0,7879519.0
2019-12-20 15:56:43.429816,8239121.0,8393302.0,8039200.0,8411252.0,8449571.0,7725282.0,8399799.0,9294950.0,8974552.0,7879744.0
2019-12-20 15:56:43.543582,8240953.0,8398383.0,8038531.0,8411193.0,8449845.0,7749842.0,8399754.0,9316586.0,8980664.0,7872407.0
2019-12-20 15:56:43.659113,8247837.0,8407060.0,8031749.0,8411163.0,8447694.0,7788738.0,8399942.0,9334675.0,8999861.0,7859790.0
2019-12-20 15:56:43.777284,8248420.0,8410182.0,8030709.0,8411185.0,8447488.0,7790239.0,8399698.0,9333023.0,8994378.0,7859672.0
2019-12-20 15:56:43.892007,8247579.0,8403103.0,8033087.0,8411093.0,8449506.0,7734617.0,8399725.0,9321500.0,8989137.0,7866192.0
2019-12-20 15:56:44.007055,8247181.0,8400247.0,8034008.0,8411034.0,8449668.0,7717404.0,8399779.0,9322589.0,8989359.0,7868430.0
2019-12-20 15:56:44.121775,8246078.0,8400132.0,8031398.0,8411355.0,8449516.0,7716953.0,8399834.0,9323010.0,8990079.0,7869508.0
2019-12-20 15:56:44.236215,8246048.0,8400103.0,8031574.0,8411263.0,8447367.0,7716450.0,8399730.0,9322820.0,8990151.0,7869895.0
2019-12-20 15:56:44.355184,8246667.0,8400055.0,8034314.0,8411229.0,8449882.0,7716184.0,8399734.0,9322159.0,8989864.0,7870143.0
2019-12-20 15:56:44.469498,8247974.0,8399968.0,8038311.0,8411021.0,8447764.0,7715758.0,8399610.0,9321893.0,8989163.0,7870474.0
2019-12-20 15:56:44.584600,8253108.0,8399846.0,8056902.0,8410805.0,8447844.0,7715704.0,8399663.0,9321624.0,8988980.0,7870701.0
2019-12-20 15:56:44.699365,8254444.0,8399780.0,8060341.0,8410595.0,8445839.0,7715482.0,8399700.0,9321461.0,8988858.0,7871166.0
2019-12-20 15:56:44.813517,8254416.0,8399805.0,8059472.0,8410441.0,8448767.0,7715316.0,8399730.0,9321197.0,8988715.0,7871266.0
2019-12-20 15:56:44.932052,8254531.0,8399630.0,8060210.0,8410480.0,8446503.0,7715322.0,8399755.0,9321072.0,8988622.0,7871369.0
2019-12-20 15:56:45.047086,8253446.0,8399596.0,8056404.0,8410554.0,8448167.0,7715273.0,8399796.0,9320975.0,8988590.0,7871521.0
2019-12-20 15:56:45.161975,8253714.0,8399510.0,8057565.0,8410598.0,8445294.0,7715293.0,8399787.0,9320831.0,8988473.0,7871663.0
2019-12-20 15:56:45.276482,8254015.0,8399484.0,8058673.0,8410559.0,8447404.0,7715380.0,8399770.0,9320759.0,8988470.0,7871613.0
2019-12-20 15:56:45.391595,8253928.0,8399478.0,8058659.0,8410536.0,8446443.0,7715283.0,8399569.0,9320694.0,8988452.0,7871565.0
2019-12-20 15:56:45.510409,8254297.0,8399657.0,8059114.0,8410529.0,8449453.0,7715223.0,8399754.0,9320708.0,8988408.0,7871663.0
2019-12-20 15:56:45.624703,8254469.0,8399583.0,8058916.0,8410384.0,8445753.0,7715418.0,8399797.0,9320589.0,8988388.0,7871803.0
2019-12-20 15:56:45.739483,8254232.0,8399400.0,8058695.0,8410520.0,8448276.0,7715590.0,8399773.0,9320495.0,8988376.0,7871785.0
2019-12-20 15:56:45.853975,8254719.0,8399528.0,8059035.0,8410340.0,8445947.0,7715585.0,8399740.0,9320436.0,8988388.0,7871774.0
2019-12-20 15:56:45.969091,8255044.0,8399370.0,8061462.0,8410342.0,8449468.0,7715625.0,8399647.0,9320403.0,8988351.0,7871901.0
2019-12-20 15:56:46.087554,8254797.0,8399045.0,8060240.0,8410376.0,8446362.0,7715656.0,8399610.0,9320263.0,8988308.0,7871963.0
2019-12-20 15:56:46.202047,8254637.0,8399125.0,8059555.0,8410572.0,8449424.0,7715769.0,8399668.0,9320184.0,8988225.0,7872038.0
2019-12-20 15:56:46.317176,8254308.0,8399099.0,8059062.0,8410430.0,8445504.0,7715859.0,8399854.0,9320148.0,8988181.0,7872148.0
2019-12-20 15:56:46.431201,8254416.0,8399435.0,8059595.0,8410476.0,8448448.0,7715948.0,8399772.0,9320167.0,8988214.0,7872274.0
2019-12-20 15:56:46.546407,8254486.0,8399174.0,8059596.0,8410496.0,8447631.0,7715982.0,8399686.0,9320001.0,8988230.0,7872241.0
2019-12-20 15:56:46.664825,8254560.0,8399146.0,8059023.0,8410331.0,8449343.0,7716047.0,8399863.0,9320042.0,8988123.0,7872358.0
2019-12-20 15:56:46.779763,8254139.0,8399230.0,8058055.0,8410671.0,8446091.0,7716213.0,8399954.0,9320005.0,8988079.0,7872411.0
2019-12-20 15:56:46.894690,8254129.0,8399055.0,8057782.0,8410488.0,8447887.0,7716262.0,8399943.0,9319903.0,8988069.0,7872397.0
2019-12-20 15:56:47.008799,8254226.0,8399144.0,8058258.0,8410365.0,8447699.0,7716359.0,8399864.0,9319749.0,8988110.0,7872397.0
2019-12-20 15:56:47.123456,8254473.0,8399161.0,8059010.0,8410389.0,8449211.0,7716385.0,8399770.0,9319818.0,8988151.0,7872422.0
2019-12-20 15:56:47.242169,8254846.0,8399027.0,8059852.0,8410365.0,8446502.0,7716588.0,8399743.0,9319667.0,8988169.0,7872444.0
2019-12-20 15:56:47.357067,8254400.0,8399159.0,8059375.0,8410386.0,8447759.0,7716696.0,8399675.0,9319629.0,8988146.0,7872519.0
2019-12-20 15:56:47.472253,8254230.0,8399077.0,8059486.0,8410332.0,8446051.0,7716691.0,8399778.0,9319459.0,8988082.0,7872511.0
2019-12-20 15:56:47.586928,8254392.0,8399015.0,8060271.0,8410401.0,8448984.0,7716763.0,8399664.0,9319513.0,8988023.0,7872627.0
2019-12-20 15:56:47.701241,8254243.0,8399034.0,8060040.0,8410363.0,8446807.0,7716857.0,8399569.0,9319554.0,8988167.0,7872690.0
2019-12-20 15:56:47.819976,8254073.0,8398801.0,8059407.0,8410452.0,8446761.0,7717012.0,8399544.0,9319569.0,8988229.0,7872654.0
2019-12-20 15:56:47.935159,8254137.0,8398927.0,8058909.0,8410508.0,8446228.0,7717126.0,8399695.0,9319487.0,8988183.0,7872619.0
2019-12-20 15:56:48.049536,8254247.0,8398869.0,8059632.0,8410395.0,8447519.0,7717283.0,8399754.0,9319466.0,8988047.0,7872645.0
2019-12-20 15:56:48.164245,8254474.0,8398810.0,8060045.0,8410281.0,8447435.0,7717235.0,8399558.0,9319492.0,8987996.0,7872702.0
2019-12-20 15:56:48.279210,8254514.0,8398833.0,8060174.0,8410572.0,8445792.0,7717257.0,8399778.0,9319317.0,8987999.0,7872730.0
2019-12-20 15:56:48.397431,8254615.0,8398906.0,8061045.0,8410394.0,8445404.0,7717495.0,8399922.0,9319309.0,8987944.0,7872856.0
2019-12-20 15:56:48.512258,8255020.0,8398798.0,8061694.0,8410270.0,8446096.0,7717706.0,8399784.0,9319365.0,8987876.0,7872953.0
2019-12-20 15:56:48.627227,8255417.0,8398710.0,8062817.0,8410279.0,8448312.0,7717627.0,8399763.0,9319368.0,8987873.0,7872825.0
2019-12-20 15:56:48.741903,8255168.0,8398683.0,8062364.0,8410245.0,8444919.0,7717650.0,8399759.0,9319325.0,8987848.0,7872771.0
2019-12-20 15:56:48.856296,8254720.0,8398975.0,8061783.0,8410291.0,8446900.0,7717916.0,8399753.0,9319300.0,8987895.0,7872916.0
2019-12-20 15:56:48.975103,8254871.0,8398894.0,8061760.0,8410386.0,8446968.0,7717891.0,8399800.0,9319265.0,8987900.0,7872910.0
2019-12-20 15:56:49.089753,8255222.0,8398815.0,8063615.0,8410337.0,8448247.0,7718096.0,8399767.0,9319392.0,8987928.0,7872866.0
2019-12-20 15:56:49.204719,8255492.0,8398608.0,8063586.0,8410262.0,8446449.0,7718242.0,8399730.0,9319333.0,8987948.0,7872862.0
2019-12-20 15:56:49.318603,8255300.0,8398591.0,8063203.0,8410470.0,8446908.0,7718208.0,8399675.0,9318617.0,8987408.0,7873013.0
2019-12-20 15:56:49.433334,8255052.0,8398463.0,8062764.0,8410644.0,8446246.0,7714784.0,8399860.0,9316992.0,8986132.0,7873326.0
2019-12-20 15:56:49.552447,8254966.0,8398499.0,8062447.0,8410404.0,8448964.0,7713983.0,8399919.0,9314453.0,8984905.0,7873652.0
2019-12-20 15:56:49.667526,8254972.0,8398733.0,8062103.0,8410226.0,8447794.0,7715115.0,8399715.0,9305980.0,8980683.0,7877755.0
2019-12-20 15:56:49.781616,8254800.0,8398740.0,8062003.0,8410249.0,8448165.0,7713435.0,8399770.0,9299193.0,8968968.0,7891749.0
2019-12-20 15:56:49.896930,8254692.0,8398535.0,8062630.0,8410278.0,8445753.0,7704878.0,8399746.0,9286033.0,8947091.0,7912837.0
2019-12-20 15:56:50.011066,8254567.0,8398236.0,8065130.0,8410185.0,8449150.0,7668942.0,8399727.0,9266328.0,8928674.0,7924113.0
2019-12-20 15:56:50.129711,8254577.0,8398107.0,8067375.0,8409900.0,8446164.0,7653125.0,8399716.0,9236783.0,8909555.0,7930521.0
2019-12-20 15:56:50.245047,8252985.0,8398217.0,8069078.0,8410258.0,8449346.0,7641465.0,8399622.0,9223873.0,8898102.0,7936534.0
2019-12-20 15:56:50.359894,8252182.0,8398973.0,8068820.0,8410233.0,8445627.0,7620585.0,8399722.0,9204135.0,8886620.0,7949247.0
2019-12-20 15:56:50.474100,8251917.0,8399315.0,8067386.0,8410218.0,8448676.0,7575889.0,8399739.0,9196574.0,8892067.0,7941419.0
2019-12-20 15:56:50.588795,8252224.0,8399582.0,8066376.0,8410068.0,8445509.0,7569069.0,8399818.0,9226426.0,8904101.0,7936871.0
2019-12-20 15:56:50.707894,8254867.0,8400877.0,8066230.0,8410135.0,8448946.0,7573937.0,8399733.0,9241231.0,8911186.0,7935799.0
2019-12-20 15:56:50.821989,8255125.0,8401224.0,8067128.0,8410371.0,8445985.0,7577790.0,8399838.0,9244407.0,8913904.0,7935216.0
2019-12-20 15:56:50.936797,8255018.0,8401231.0,8065364.0,8410128.0,8447761.0,7577811.0,8399848.0,9245012.0,8915286.0,7934529.0
2019-12-20 15:56:51.051554,8254765.0,8401202.0,8064703.0,8410078.0,8446045.0,7578318.0,8399804.0,9244984.0,8915255.0,7934474.0
2019-12-20 15:56:51.165636,8255102.0,8401247.0,8065006.0,8410328.0,8449234.0,7578153.0,8399823.0,9244893.0,8914964.0,7934852.0
2019-12-20 15:56:51.284956,8255220.0,8401385.0,8065547.0,8410268.0,8446840.0,7577260.0,8399824.0,9244714.0,8914959.0,7935124.0
2019-12-20 15:56:51.400396,8254710.0,8401449.0,8064061.0,8410094.0,8447028.0,7576964.0,8399760.0,9244731.0,8915177.0,7935226.0
2019-12-20 15:56:51.514358,8254534.0,8401677.0,8063837.0,8410105.0,8446286.0,7576340.0,8399767.0,9245050.0,8915686.0,7934817.0
2019-12-20 15:56:51.629434,8253568.0,8401872.0,8063340.0,8410336.0,8448240.0,7578669.0,8399742.0,9245368.0,8916030.0,7935593.0
2019-12-20 15:56:51.743711,8253658.0,8401833.0,8062556.0,8410146.0,8447410.0,7581030.0,8399678.0,9245241.0,8914299.0,7937034.0
2019-12-20 15:56:51.862634,8253936.0,8401183.0,8063392.0,8410018.0,8448586.0,7586028.0,8399787.0,9246180.0,8913471.0,7939143.0
2019-12-20 15:56:51.977849,8253779.0,8401155.0,8064150.0,8409903.0,8446287.0,7589410.0,8399801.0,9246708.0,8913353.0,7940288.0
2019-12-20 15:56:52.092166,8253175.0,8401031.0,8064941.0,8410036.0,8447318.0,7591378.0,8399887.0,9247121.0,8913745.0,7940939.0
2019-12-20 15:56:52.206767,8252730.0,8401041.0,8063738.0,8410223.0,8448707.0,7595263.0,8399849.0,9247412.0,8914295.0,7940743.0
2019-12-20 15:56:52.321030,8252622.0,8400905.0,8063703.0,8410196.0,8449025.0,7596640.0,8399781.0,9249435.0,8915944.0,7935680.0
2019-12-20 15:56:52.440187,8252671.0,8400767.0,8063414.0,8410179.0,8447177.0,7596338.0,8399757.0,9250546.0,8919446.0,7929253.0
2019-12-20 15:56:52.555058,8252918.0,8400516.0,8062964.0,8410232.0,8447203.0,7591688.0,8399765.0,9250263.0,8925524.0,7924605.0
2019-12-20 15:56:52.669118,8253429.0,8400913.0,8062406.0,8410347.0,8449019.0,7584263.0,8399890.0,9249771.0,8926310.0,7922959.0
2019-12-20 15:56:52.784020,8253540.0,8400965.0,8061999.0,8410288.0,8448757.0,7584447.0,8399981.0,9249871.0,8926502.0,7922634.0
2019-12-20 15:56:52.899300,8253975.0,8401235.0,8063261.0,8410248.0,8447419.0,7584703.0,8399786.0,9249884.0,8926564.0,7922479.0
2019-12-20 15:56:53.017588,8254190.0,8401227.0,8064285.0,8410265.0,8446158.0,7584978.0,8399676.0,9250000.0,8926650.0,7922497.0
2019-12-20 15:56:53.131878,8254400.0,8401090.0,8064997.0,8410224.0,8449707.0,7585226.0,8399755.0,9250270.0,8926855.0,7922401.0
2019-12-20 15:56:53.247112,8254577.0,8401111.0,8065567.0,8410032.0,8447423.0,7585512.0,8399906.0,9250188.0,8926856.0,7922469.0
2019-12-20 15:56:53.361514,8255303.0,8400817.0,8067386.0,8410001.0,8447988.0,7585534.0,8399813.0,9249881.0,8925923.0,7923397.0
2019-12-20 15:56:53.476054,8255789.0,8401015.0,8070872.0,8409907.0,8445347.0,7585290.0,8399761.0,9249539.0,8925895.0,7923664.0
2019-12-20 15:56:53.595423,8256155.0,8401105.0,8071609.0,8409837.0,8448413.0,7585400.0,8399763.0,9249494.0,8926148.0,7923331.0
2019-12-20 15:56:53.709935,8256469.0,8400828.0,8072074.0,8409928.0,8446145.0,7584324.0,8399756.0,9249032.0,8925446.0,7924302.0
2019-12-20 15:56:53.824257,8256429.0,8400964.0,8072564.0,8409799.0,8448119.0,7584256.0,8399736.0,9249870.0,8926367.0,7923266.0
2019-12-20 15:56:53.938933,8256496.0,8400973.0,8072738.0,8409726.0,8445917.0,7585611.0,8399712.0,9251193.0,8928876.0,7920234.0
2019-12-20 15:56:54.053901,8256390.0,8400804.0,8071773.0,8409814.0,8447927.0,7588890.0,8399607.0,9256446.0,8933056.0,7915400.0
2019-12-20 15:56:54.172722,8256259.0,8400603.0,8071205.0,8409986.0,8445528.0,7593820.0,8399688.0,9259466.0,8941249.0,7905774.0
2019-12-20 15:56:54.287374,8256850.0,8400745.0,8071982.0,8409867.0,8448646.0,7598623.0,8399776.0,9262186.0,8945308.0,7900872.0
2019-12-20 15:56:54.402039,8257306.0,8401083.0,8073826.0,8409787.0,8445831.0,7609829.0,8399712.0,9265309.0,8950089.0,7895180.0
2019-12-20 15:56:54.516462,8257643.0,8401262.0,8073085.0,8409647.0,8447374.0,7616166.0,8399699.0,9271315.0,8954217.0,7890383.0
2019-12-20 15:56:54.631714,8257908.0,8401418.0,8072493.0,8409604.0,8444925.0,7622422.0,8399819.0,9274304.0,8957418.0,7886694.0
2019-12-20 15:56:54.749913,8257967.0,8401546.0,8072284.0,8409659.0,8448635.0,7628587.0,8399814.0,9277466.0,8960740.0,7882944.0
2019-12-20 15:56:54.865101,8257934.0,8402315.0,8070649.0,8409735.0,8445901.0,7642230.0,8399706.0,9280057.0,8962993.0,7880720.0
2019-12-20 15:56:54.979788,8258654.0,8407041.0,8069058.0,8409755.0,8448165.0,7659115.0,8399627.0,9278131.0,8946692.0,7885488.0
2019-12-20 15:56:55.094202,8244672.0,8401249.0,8071300.0,8410043.0,8445182.0,7596084.0,8399486.0,9240611.0,8921261.0,7930477.0
2019-12-20 15:56:55.209149,8239364.0,8382810.0,8077511.0,8410044.0,8447816.0,7500342.0,8399625.0,9216021.0,8911155.0,7937328.0
2019-12-20 15:56:55.327561,8239757.0,8379505.0,8079253.0,8410091.0,8447042.0,7482639.0,8399676.0,9213602.0,8910354.0,7937954.0
2019-12-20 15:56:55.441919,8240106.0,8379907.0,8079618.0,8410018.0,8448598.0,7477998.0,8399598.0,9213313.0,8909983.0,7938621.0
2019-12-20 15:56:55.556717,8241625.0,8380575.0,8080493.0,8409918.0,8446093.0,7473062.0,8399830.0,9211840.0,8908919.0,7939595.0
2019-12-20 15:56:55.672074,8242718.0,8381459.0,8079700.0,8410180.0,8447432.0,7467756.0,8399759.0,9211137.0,8908087.0,7940058.0
2019-12-20 15:56:55.786168,8244181.0,8383670.0,8080122.0,8410037.0,8447605.0,7463232.0,8399695.0,9210708.0,8906727.0,7940850.0
2019-12-20 15:56:55.904759,8245227.0,8384060.0,8080670.0,8409980.0,8447788.0,7459251.0,8399792.0,9210391.0,8906463.0,7941533.0
2019-12-20 15:56:56.019902,8245730.0,8384069.0,8081017.0,8410001.0,8446203.0,7456373.0,8399825.0,9210060.0,8906413.0,7941645.0
2019-12-20 15:56:56.134287,8245869.0,8384093.0,8081342.0,8409885.0,8446843.0,7454274.0,8399740.0,9209697.0,8906360.0,7941600.0
2019-12-20 15:56:56.248465,8246057.0,8384146.0,8082343.0,8409927.0,8448897.0,7451165.0,8399681.0,9208394.0,8906199.0,7941743.0
2019-12-20 15:56:56.363750,8246208.0,8383661.0,8082792.0,8410066.0,8448070.0,7448358.0,8399646.0,9207439.0,8905964.0,7941973.0
2019-12-20 15:56:56.482739,8245101.0,8383391.0,8082508.0,8409982.0,8446923.0,7441064.0,8399633.0,9206434.0,8905561.0,7942131.0
2019-12-20 15:56:56.596985,8245173.0,8383340.0,8082891.0,8409810.0,8445668.0,7443233.0,8399674.0,9206803.0,8906385.0,7941657.0
2019-12-20 15:56:56.711983,8245373.0,8383332.0,8083192.0,8409751.0,8448380.0,7446031.0,8399708.0,9208090.0,8906256.0,7941310.0
2019-12-20 15:56:56.826560,8242987.0,8380555.0,8083824.0,8409753.0,8446727.0,7447422.0,8399841.0,9207743.0,8905922.0,7941607.0
2019-12-20 15:56:56.941798,8242375.0,8379556.0,8085013.0,8409852.0,8447887.0,7447932.0,8399859.0,9207304.0,8905755.0,7941980.0
2019-12-20 15:56:57.059880,8241221.0,8378956.0,8085092.0,8409946.0,8445079.0,7446183.0,8399886.0,9206564.0,8905173.0,7942871.0
2019-12-20 15:56:57.174667,8239684.0,8378246.0,8085590.0,8409863.0,8446648.0,7443674.0,8399688.0,9201554.0,8904007.0,7943018.0
2019-12-20 15:56:57.289423,8235147.0,8375433.0,8085071.0,8409895.0,8446324.0,7444310.0,8399684.0,9201336.0,8905532.0,7939658.0
2019-12-20 15:56:57.404501,8234072.0,8374550.0,8084075.0,8409923.0,8448118.0,7452162.0,8399889.0,9205175.0,8918340.0,7939005.0
2019-12-20 15:56:57.519196,8234089.0,8374755.0,8083757.0,8410015.0,8445451.0,7458702.0,8399907.0,9212840.0,8925402.0,7938690.0
2019-12-20 15:56:57.637911,8234246.0,8374852.0,8083258.0,8410057.0,8447189.0,7470777.0,8399759.0,9215867.0,8934019.0,7932245.0
2019-12-20 15:56:57.752217,8232981.0,8374128.0,8083432.0,8409972.0,8445744.0,7475678.0,8399604.0,9218132.0,8943555.0,7923146.0
2019-12-20 15:56:57.866760,8230486.0,8372612.0,8084284.0,8409771.0,8448734.0,7488092.0,8399714.0,9227406.0,8962850.0,7911730.0
2019-12-20 15:56:57.981920,8228656.0,8371115.0,8087419.0,8409591.0,8445109.0,7517050.0,8399878.0,9264707.0,8991815.0,7874830.0
2019-12-20 15:56:58.096070,8227921.0,8370412.0,8087979.0,8409583.0,8448065.0,7551795.0,8399941.0,9280641.0,9022228.0,7849581.0
2019-12-20 15:56:58.215299,8228785.0,8370508.0,8088615.0,8409560.0,8445148.0,7609396.0,8399740.0,9294566.0,9080228.0,7824733.0
2019-12-20 15:56:58.329970,8230747.0,8374339.0,8088167.0,8409609.0,8447924.0,7646443.0,8399588.0,9309073.0,9105538.0,7802137.0
2019-12-20 15:56:58.445075,8232984.0,8376968.0,8088579.0,8409631.0,8446187.0,7673579.0,8399711.0,9324359.0,9119452.0,7791234.0
2019-12-20 15:56:58.559577,8234132.0,8378092.0,8088842.0,8409600.0,8448346.0,7691311.0,8399872.0,9330421.0,9131250.0,7782258.0
2019-12-20 15:56:58.673870,8239388.0,8381549.0,8087796.0,8409346.0,8444818.0,7746918.0,8399711.0,9335792.0,9137695.0,7776927.0
2019-12-20 15:56:58.792955,8240826.0,8388614.0,8087585.0,8409463.0,8447167.0,7756926.0,8399672.0,9332753.0,9136676.0,7779657.0
2019-12-20 15:56:58.907279,8241075.0,8390435.0,8087594.0,8409641.0,8446745.0,7769516.0,8399821.0,9345528.0,9143243.0,7766412.0
2019-12-20 15:56:59.021910,8246822.0,8404900.0,8082520.0,8409514.0,8448221.0,7835865.0,8399832.0,9367435.0,9137795.0,7774117.0
2019-12-20 15:56:59.136471,8249578.0,8430431.0,8071335.0,8409325.0,8445272.0,7953342.0,8399752.0,9379774.0,9098492.0,7790213.0
2019-12-20 15:56:59.251777,8250993.0,8437479.0,8060350.0,8409331.0,8446625.0,7907067.0,8399688.0,9351714.0,9033204.0,7842220.0
2019-12-20 15:56:59.370382,8251720.0,8436210.0,8061705.0,8409559.0,8447694.0,7876776.0,8399666.0,9325991.0,9011259.0,7865849.0
2019-12-20 15:56:59.484971,8252161.0,8435913.0,8062457.0,8409476.0,8448138.0,7875238.0,8399636.0,9327836.0,9011087.0,7863819.0
2019-12-20 15:56:59.599906,8252228.0,8435671.0,8063320.0,8409710.0,8446255.0,7873916.0,8399604.0,9329875.0,9010102.0,7860627.0
2019-12-20 15:56:59.714170,8252417.0,8435405.0,8064876.0,8409599.0,8446127.0,7872024.0,8399748.0,9336619.0,9007801.0,7859172.0
2019-12-20 15:56:59.828734,8252527.0,8434749.0,8065610.0,8409452.0,8444899.0,7872303.0,8399763.0,9341019.0,9001236.0,7862285.0
2019-12-20 15:56:59.947889,8252519.0,8434726.0,8066084.0,8409611.0,8447373.0,7873365.0,8399881.0,9343198.0,8998250.0,7864233.0
2019-12-20 15:57:00.062574,8252535.0,8434706.0,8066549.0,8409444.0,8446652.0,7873531.0,8399816.0,9344085.0,8997227.0,7864868.0
2019-12-20 15:57:00.176832,8252775.0,8434807.0,8066540.0,8409317.0,8445169.0,7873261.0,8399739.0,9344306.0,8996868.0,7865052.0
2019-12-20 15:57:00.291693,8252601.0,8434558.0,8066163.0,8409559.0,8445349.0,7872797.0,8399822.0,9344335.0,8996554.0,7865288.0
2019-12-20 15:57:00.406499,8252790.0,8434383.0,8066901.0,8409388.0,8446523.0,7872629.0,8399823.0,9344370.0,8996492.0,7865441.0
2019-12-20 15:57:00.525443,8252940.0,8434088.0,8067567.0,8409226.0,8446990.0,7872604.0,8399897.0,9344263.0,8996395.0,7865511.0
2019-12-20 15:57:00.639843,8252987.0,8434162.0,8068147.0,8409445.0,8444741.0,7872538.0,8399860.0,9344252.0,8996147.0,7865607.0
2019-12-20 15:57:00.754852,8253370.0,8434017.0,8069600.0,8409349.0,8445546.0,7872351.0,8399753.0,9344162.0,8996104.0,7865916.0
2019-12-20 15:57:00.869176,8253673.0,8434033.0,8070287.0,8409390.0,8446387.0,7872328.0,8399809.0,9344236.0,8996013.0,7865987.0
2019-12-20 15:57:00.983420,8253764.0,8433901.0,8070661.0,8409369.0,8447844.0,7872176.0,8399728.0,9344209.0,8995980.0,7866076.0
2019-12-20 15:57:01.102640,8253838.0,8433697.0,8070525.0,8409200.0,8444734.0,7872128.0,8399733.0,9344125.0,8995939.0,7866202.0
2019-12-20 15:57:01.217688,8254066.0,8433644.0,8070718.0,8409326.0,8446506.0,7872081.0,8399700.0,9344110.0,8995843.0,7866363.0
2019-12-20 15:57:01.332465,8254232.0,8433530.0,8071209.0,8409365.0,8445572.0,7871905.0,8399752.0,9344157.0,8995732.0,7866439.0
2019-12-20 15:57:01.446963,8254300.0,8433514.0,8071424.0,8409251.0,8447544.0,7871888.0,8399786.0,9344102.0,8995683.0,7866494.0
2019-12-20 15:57:01.561331,8254190.0,8433440.0,8070902.0,8409353.0,8444606.0,7871810.0,8399929.0,9344022.0,8995675.0,7866558.0
2019-12-20 15:57:01.680379,8254308.0,8433300.0,8071970.0,8409288.0,8447022.0,7871826.0,8399916.0,9344042.0,8995647.0,7866701.0
2019-12-20 15:57:01.795254,8254384.0,8433386.0,8072744.0,8409260.0,8444219.0,7871859.0,8399818.0,9343871.0,8995505.0,7866798.0
2019-12-20 15:57:01.909889,8254686.0,8433248.0,8074253.0,8409319.0,8448036.0,7871851.0,8399752.0,9343800.0,8995523.0,7866929.0
2019-12-20 15:57:02.023776,8255022.0,8433038.0,8074808.0,8409319.0,8445654.0,7871751.0,8399695.0,9343832.0,8995575.0,7866977.0
2019-12-20 15:57:02.138745,8255134.0,8433162.0,8074925.0,8409231.0,8447452.0,7871783.0,8399774.0,9343843.0,8995611.0,7866820.0
2019-12-20 15:57:02.257836,8255171.0,8432848.0,8075300.0,8409252.0,8444563.0,7872111.0,8399805.0,9343998.0,8996328.0,7866484.0
2019-12-20 15:57:02.372558,8255207.0,8432919.0,8075358.0,8409247.0,8445648.0,7872471.0,8399621.0,9344441.0,8996681.0,7866059.0
2019-12-20 15:57:02.487152,8255228.0,8432890.0,8075536.0,8409097.0,8444071.0,7872657.0,8399739.0,9344445.0,8996695.0,7865936.0
2019-12-20 15:57:02.601347,8255774.0,8432836.0,8076098.0,8408419.0,8446601.0,7872636.0,8399662.0,9344366.0,8996662.0,7866198.0
2019-12-20 15:57:02.715905,8255606.0,8432869.0,8076607.0,8408483.0,8444054.0,7872679.0,8399638.0,9344340.0,8996691.0,7866234.0
2019-12-20 15:57:02.835073,8255049.0,8432885.0,8074434.0,8408446.0,8444289.0,7872718.0,8399717.0,9344158.0,8996613.0,7866321.0
2019-12-20 15:57:02.950205,8254913.0,8432617.0,8075156.0,8408384.0,8443275.0,7872607.0,8399867.0,9344114.0,8996561.0,7866484.0
2019-12-20 15:57:03.064537,8255417.0,8432680.0,8075938.0,8408581.0,8445675.0,7872756.0,8399771.0,9344208.0,8996503.0,7866603.0
2019-12-20 15:57:03.179713,8255498.0,8432615.0,8075915.0,8408604.0,8443935.0,7872776.0,8399766.0,9344172.0,8996481.0,7866608.0
2019-12-20 15:57:03.294092,8255842.0,8432545.0,8076936.0,8408677.0,8444267.0,7872827.0,8399852.0,9344129.0,8996503.0,7866698.0
2019-12-20 15:57:03.412172,8255863.0,8432536.0,8076923.0,8408595.0,8443442.0,7872826.0,8399797.0,9344027.0,8996484.0,7866741.0
2019-12-20 15:57:03.527300,8255828.0,8432454.0,8077322.0,8408595.0,8445282.0,7872704.0,8399862.0,9344045.0,8996552.0,7866964.0
2019-12-20 15:57:03.641902,8255838.0,8432458.0,8077530.0,8408572.0,8444700.0,7872679.0,8399945.0,9344025.0,8996516.0,7867000.0
2019-12-20 15:57:03.757034,8255818.0,8432392.0,8077474.0,8408618.0,8443925.0,7872712.0,8399688.0,9343926.0,8996441.0,7867004.0
2019-12-20 15:57:03.872084,8255817.0,8432477.0,8077314.0,8408606.0,8443518.0,7872728.0,8399551.0,9343982.0,8996424.0,7867116.0
2019-12-20 15:57:03.989954,8255791.0,8432269.0,8077393.0,8408883.0,8444790.0,7872824.0,8399650.0,9344003.0,8996387.0,7867216.0
2019-12-20 15:57:04.105025,8256039.0,8432341.0,8078017.0,8408832.0,8445043.0,7872863.0,8399644.0,9343879.0,8996379.0,7867293.0
2019-12-20 15:57:04.219863,8256289.0,8432211.0,8077804.0,8408855.0,8443661.0,7872886.0,8399700.0,9343822.0,8996311.0,7867360.0
2019-12-20 15:57:04.334518,8255570.0,8432313.0,8076638.0,8408902.0,8444339.0,7872952.0,8399675.0,9343861.0,8996324.0,7867441.0
2019-12-20 15:57:04.449123,8255724.0,8432308.0,8077079.0,8408788.0,8444783.0,7872904.0,8399603.0,9343827.0,8996347.0,7867436.0
2019-12-20 15:57:04.568009,8255697.0,8432430.0,8077763.0,8408833.0,8445428.0,7872860.0,8399672.0,9343766.0,8996333.0,7867471.0
2019-12-20 15:57:04.682614,8255587.0,8432060.0,8077298.0,8408700.0,8445765.0,7873067.0,8399760.0,9343743.0,8996449.0,7867592.0
2019-12-20 15:57:04.797635,8256053.0,8431966.0,8078238.0,8408745.0,8444974.0,7873182.0,8399823.0,9343679.0,8996382.0,7867574.0
2019-12-20 15:57:04.911977,8256011.0,8432041.0,8078436.0,8408902.0,8443907.0,7873121.0,8399776.0,9343734.0,8996345.0,7867629.0
2019-12-20 15:57:05.026564,8256381.0,8431958.0,8079833.0,8408779.0,8446024.0,7873043.0,8399700.0,9343660.0,8996301.0,7867701.0
2019-12-20 15:57:05.144797,8256442.0,8431826.0,8078899.0,8408680.0,8445461.0,7873159.0,8399730.0,9343614.0,8996308.0,7867743.0
2019-12-20 15:57:05.259956,8255927.0,8431987.0,8078207.0,8408782.0,8445513.0,7873286.0,8399729.0,9343603.0,8996363.0,7867766.0
2019-12-20 15:57:05.374496,8256017.0,8432154.0,8078624.0,8408730.0,8443586.0,7873271.0,8399761.0,9343576.0,8996457.0,7867828.0
2019-12-20 15:57:05.489487,8256219.0,8431878.0,8079541.0,8408682.0,8445969.0,7873266.0,8399728.0,9343649.0,8996385.0,7867910.0
2019-12-20 15:57:05.603607,8256183.0,8431763.0,8077336.0,8408856.0,8444886.0,7873318.0,8399829.0,9343693.0,8996361.0,7867981.0
2019-12-20 15:57:05.722812,8255334.0,8432177.0,8076193.0,8408955.0,8446979.0,7873283.0,8399762.0,9343663.0,8996302.0,7868109.0
2019-12-20 15:57:05.837436,8255182.0,8432226.0,8076452.0,8409193.0,8444409.0,7873258.0,8399776.0,9343607.0,8996245.0,7868189.0
2019-12-20 15:57:05.952104,8254063.0,8432530.0,8068853.0,8409276.0,8446366.0,7873380.0,8399854.0,9343570.0,8996179.0,7868288.0
2019-12-20 15:57:06.067190,8252461.0,8432658.0,8066810.0,8409160.0,8444502.0,7873345.0,8399854.0,9343547.0,8996132.0,7868383.0
2019-12-20 15:57:06.181685,8252118.0,8432670.0,8065860.0,8409111.0,8447036.0,7873470.0,8399767.0,9343542.0,8996175.0,7868414.0
2019-12-20 15:57:06.300444,8251983.0,8432788.0,8065292.0,8409309.0,8443631.0,7873431.0,8399800.0,9343586.0,8995984.0,7868541.0
2019-12-20 15:57:06.415168,8252071.0,8432803.0,8064891.0,8409382.0,8445610.0,7873357.0,8399822.0,9343461.0,8995792.0,7868907.0
2019-12-20 15:57:06.529507,8252056.0,8432759.0,8065042.0,8409294.0,8443542.0,7873331.0,8399848.0,9343403.0,8995844.0,7868958.0
2019-12-20 15:57:06.644791,8251932.0,8432668.0,8065310.0,8409142.0,8446247.0,7873383.0,8399695.0,9343337.0,8995806.0,7869046.0
2019-12-20 15:57:06.758891,8251858.0,8432700.0,8064647.0,8409141.0,8444374.0,7873322.0,8399705.0,9343163.0,8995769.0,7869089.0
2019-12-20 15:57:06.877735,8251638.0,8432864.0,8062245.0,8409130.0,8444947.0,7873298.0,8399867.0,9343165.0,8995747.0,7869073.0
2019-12-20 15:57:06.992463,8250764.0,8433021.0,8060740.0,8409338.0,8444289.0,7873293.0,8399975.0,9343208.0,8995690.0,7869126.0
2019-12-20 15:57:07.107438,8250548.0,8433167.0,8060466.0,8409429.0,8446096.0,7873347.0,8399941.0,9343360.0,8995688.0,7869194.0
2019-12-20 15:57:07.222301,8250280.0,8433196.0,8059544.0,8409671.0,8444524.0,7873373.0,8399761.0,9343259.0,8995643.0,7869268.0
2019-12-20 15:57:07.336679,8250592.0,8433066.0,8060543.0,8409369.0,8446344.0,7873414.0,8399732.0,9343161.0,8995619.0,7869410.0
2019-12-20 15:57:07.454987,8250570.0,8432878.0,8059798.0,8409150.0,8443393.0,7873455.0,8399743.0,9343124.0,8995623.0,7869381.0
2019-12-20 15:57:07.570228,8252484.0,8432504.0,8064586.0,8409092.0,8445199.0,7873623.0,8399710.0,9343169.0,8995565.0,7869481.0
2019-12-20 15:57:07.684300,8254092.0,8432083.0,8071765.0,8408791.0,8445163.0,7873504.0,8399779.0,9343176.0,8995546.0,7869540.0
2019-12-20 15:57:07.799135,8253988.0,8432196.0,8069543.0,8408724.0,8445970.0,7873543.0,8399838.0,9343116.0,8995529.0,7869572.0
2019-12-20 15:57:07.917986,8252620.0,8432367.0,8067270.0,8408926.0,8443626.0,7873527.0,8399807.0,9343159.0,8995495.0,7869654.0
2019-12-20 15:57:08.032978,8252681.0,8432337.0,8067492.0,8408931.0,8444599.0,7873540.0,8399815.0,9343233.0,8995495.0,7869745.0
2019-12-20 15:57:08.147035,8252800.0,8432327.0,8067851.0,8409032.0,8445957.0,7873589.0,8399766.0,9343053.0,8995459.0,7869829.0
2019-12-20 15:57:08.262447,8253148.0,8432276.0,8068416.0,8408937.0,8445782.0,7873557.0,8399822.0,9343183.0,8995436.0,7869790.0
2019-12-20 15:57:08.377164,8253117.0,8432205.0,8068694.0,8408979.0,8444779.0,7873635.0,8399776.0,9343244.0,8995337.0,7869831.0
2019-12-20 15:57:08.495482,8253296.0,8432146.0,8069170.0,8408850.0,8444017.0,7873786.0,8399820.0,9343205.0,8995276.0,7869857.0
2019-12-20 15:57:08.610391,8253158.0,8432249.0,8068134.0,8408959.0,8446580.0,7873777.0,8399821.0,9343118.0,8995289.0,7869938.0
2019-12-20 15:57:08.724730,8252654.0,8432388.0,8067715.0,8409214.0,8445231.0,7873891.0,8399956.0,9343090.0,8995405.0,7869914.0
2019-12-20 15:57:08.839289,8252507.0,8432340.0,8067154.0,8409196.0,8445860.0,7874016.0,8399965.0,9343059.0,8995429.0,7869908.0
2019-12-20 15:57:08.954548,8252585.0,8432307.0,8067199.0,8409153.0,8444065.0,7873974.0,8399903.0,9343214.0,8995476.0,7869842.0
2019-12-20 15:57:09.073012,8252982.0,8432447.0,8069205.0,8408909.0,8446368.0,7873845.0,8399827.0,9343166.0,8995486.0,7869838.0
2019-12-20 15:57:09.188005,8253081.0,8432285.0,8069078.0,8408951.0,8444923.0,7873921.0,8399769.0,9343100.0,8995419.0,7870025.0
2019-12-20 15:57:09.301908,8252966.0,8432119.0,8068727.0,8409129.0,8445597.0,7873976.0,8399660.0,9343103.0,8995428.0,7870123.0
2019-12-20 15:57:09.416884,8252910.0,8432081.0,8068132.0,8409106.0,8443782.0,7873988.0,8399779.0,9343070.0,8995383.0,7870161.0
2019-12-20 15:57:09.532050,8253271.0,8432134.0,8069712.0,8408867.0,8445126.0,7874011.0,8399833.0,9343166.0,8995424.0,7870149.0
2019-12-20 15:57:09.650646,8253737.0,8432014.0,8070542.0,8408839.0,8443870.0,7873944.0,8399839.0,9343155.0,8995406.0,7870229.0
2019-12-20 15:57:09.764782,8254018.0,8431837.0,8071363.0,8408940.0,8446287.0,7874011.0,8399809.0,9343018.0,8995374.0,7870297.0
2019-12-20 15:57:09.879695,8254224.0,8431892.0,8072729.0,8409021.0,8443645.0,7874070.0,8399801.0,9343000.0,8995375.0,7870349.0
2019-12-20 15:57:09.995026,8254085.0,8432102.0,8072123.0,8409035.0,8445838.0,7873901.0,8399766.0,9342976.0,8995300.0,7870451.0
2019-12-20 15:57:10.108954,8254220.0,8432002.0,8072225.0,8409127.0,8444104.0,7873923.0,8399795.0,9342941.0,8995277.0,7870399.0
2019-12-20 15:57:10.227707,8254172.0,8431875.0,8072420.0,8409046.0,8446808.0,7874113.0,8399792.0,9342996.0,8995267.0,7870376.0
2019-12-20 15:57:10.342944,8254215.0,8431700.0,8072718.0,8408862.0,8444748.0,7874097.0,8399851.0,9342969.0,8995352.0,7870398.0
2019-12-20 15:57:10.456922,8253548.0,8431864.0,8070381.0,8409056.0,8446002.0,7874202.0,8399893.0,9342852.0,8995293.0,7870475.0
2019-12-20 15:57:10.572277,8253531.0,8432004.0,8070002.0,8409051.0,8443836.0,7874208.0,8399766.0,9342951.0,8995235.0,7870536.0
